<?xml version="1.0" encoding="UTF-8"?>
<schedule id="This Week on TRL">
	<item date="06.12.06" weekday="Monday">
		<description>Quartet Cherish gives us a Pre-RL taste of their latest -- plus we've got a surprise in store!</description>
	</item>
	<item date="06.13.06" weekday="Tuesday">
		<description><![CDATA[Bow Wow zooms by to preview <i>Fast and Furious 3</i> and we get a Pre-RL glimpse at Jeannie Ortega's "Crowded."]]></description>
	</item>
	<item date="06.14.06" weekday="Wednesday">
		<description>It's a family day as RUN-DMC's Rev. Run drops in with his brood and we take a 1st Look at Pharrell's bangin' new "Number 1."</description>
	</item>
	<item date="06.15.06" weekday="Thursday">
		<description><![CDATA[<i>The Lake House</i> star Sandra Bullock and snowboarder Shaun White slide in and we talk to Ne-Yo while taking a 1st Look at his "Sexy Love."]]></description>
	</item>
	<item date="06.16.06" weekday="Friday">
		<description><![CDATA[<i>TRL</i> is taking the day off, have a great day!]]></description>
	</item>
</schedule>
