<?xml version="1.0" encoding="UTF-8"?>
<project-private xmlns="http://www.netbeans.org/ns/project-private/1">
    <editor-bookmarks xmlns="http://www.netbeans.org/ns/editor-bookmarks/1"/>
    <open-files xmlns="http://www.netbeans.org/ns/projectui-open-files/1">
        <file>file:/export/home/jim/Documents/COMP4711%20XML/labs/Lab10SOlution/src/client/SurveyClient.java</file>
        <file>file:/export/home/jim/Documents/COMP4711%20XML/labs/Lab10SOlution/src/server/MyServer.java</file>
        <file>file:/export/home/jim/Documents/COMP4711%20XML/labs/Lab10SOlution/src/server/SurveyHandler.java</file>
        <file>file:/export/home/jim/Documents/COMP4711%20XML/labs/Lab10SOlution/src/server/SurveyServer.java</file>
    </open-files>
</project-private>
