<?xml version="1.0" encoding="UTF-8"?>
<?xml-stylesheet type="text/xsl" href="troster.xsl"?>
<!--
    Document   : troster.xml
    Created on : October 25, 2008, 5:40 AM
    Author     : Steve Chun-Hao Hu A00665253
                 David Margine A00638383
    Description: Team Roster Data.
-->

<!DOCTYPE TeamRoster SYSTEM "troster.dtd">
<TeamRoster>
    <Roster id = "r01">
        <Jersey>14</Jersey>
        <Name>Willie Amos</Name>
        <Position>DB</Position>
        <Import>I</Import>
        <Height>6-1"</Height>
        <Weight>195</Weight>
        <Born>28-Jul-82</Born>
        <College>Nebraska</College>
    </Roster>
    <Roster id = "r02">
        <Jersey>22</Jersey>
        <Name>Jason Armstead</Name>
        <Position>WR</Position>
        <Import>I</Import>
        <Height>5-10"</Height>
        <Weight>165</Weight>
        <Born>18-Sep-79</Born>
        <College>Mississippi</College>
    </Roster>
    <Roster id = "r03">
        <Jersey>83</Jersey>
        <Name>Derick Armstrong</Name>
        <Position>WR</Position>
        <Import>I</Import>
        <Height>6-2"</Height>
        <Weight>211</Weight>
        <Born>2-Apr-79</Born>
        <College>Arkansas-Monticello</College>
    </Roster>
    <Roster id = "r04">
        <Jersey>25</Jersey>
        <Name>Robert Bean</Name>
        <Position>CB</Position>
        <Import>I</Import>
        <Height>5-11"</Height>
        <Weight>169</Weight>
        <Born>6-Jan-78</Born>
        <College>Mississippi State</College>
    </Roster>
    <Roster id = "r05">
        <Jersey>8</Jersey>
        <Name>Greg Bearman</Name>
        <Position>S</Position>
        <Import>N</Import>
        <Height>5-7"</Height>
        <Weight>175</Weight>
        <Born>2-Aug-75</Born>
        <College>New Mexico State</College>
    </Roster>
    <Roster id = "r06">
        <Jersey>26</Jersey>
        <Name>Graeme Bell</Name>
        <Position>FB</Position>
        <Import>N</Import>
        <Height>5-10"</Height>
        <Weight>229</Weight>
        <Born>15-Oct-80</Born>
        <College>Saskatchewan</College>
    </Roster>
    <Roster id = "r07">
        <Jersey>20</Jersey>
        <Name>Marc Beswick*</Name>
        <Position>DB</Position>
        <Import>N</Import>
        <Height>6-1"</Height>
        <Weight>198</Weight>
        <Born>23-Jan-83</Born>
        <College>St. Mary's</College>
    </Roster>
    <Roster id = "r08">
        <Jersey>97</Jersey>
        <Name>Doug Brown</Name>
        <Position>DT</Position>
        <Import>N</Import>
        <Height>6-8"</Height>
        <Weight>292</Weight>
        <Born>29-Sep-74</Born>
        <College>Simon Fraser</College>
    </Roster>
    <Roster id = "r09">
        <Jersey>81</Jersey>
        <Name>Romby Bryant</Name>
        <Position>WR</Position>
        <Import>I</Import>
        <Height>6-1"</Height>
        <Weight>191</Weight>
        <Born>21-Dec-79</Born>
        <College>Tulsa</College>
    </Roster>
    <Roster id = "r10">
        <Jersey>44</Jersey>
        <Name>Tom Canada</Name>
        <Position>DE</Position>
        <Import>I</Import>
        <Height>6-2"</Height>
        <Weight>259</Weight>
        <Born>8-Jan-80</Born>
        <College>Cal-Berkeley</College>
    </Roster>
    <Roster id = "r11">
        <Jersey>17</Jersey>
        <Name>Timmy Chang</Name>
        <Position>QB</Position>
        <Import>I</Import>
        <Height>6'2"</Height>
        <Weight>207</Weight>
        <Born>9-Oct-81</Born>
        <College>Hawaii</College>
    </Roster>
    <Roster id = "r12">
        <Jersey>0</Jersey>
        <Name>Ike Charlton</Name>
        <Position>LB</Position>
        <Import>I</Import>
        <Height>6-0"</Height>
        <Weight>208</Weight>
        <Born>6-Oct-77</Born>
        <College>Virginia Tech</College>
    </Roster>
    <Roster id = "r13">
        <Jersey>68</Jersey>
        <Name>Darryl Conrad</Name>
        <Position>OL</Position>
        <Import>N</Import>
        <Height>6-3"</Height>
        <Weight>312</Weight>
        <Born>8-Jul-84</Born>
        <College>Manitoba</College>
    </Roster>
    <Roster id = "r14">
        <Jersey>50</Jersey>
        <Name>Chris Cvetkovic</Name>
        <Position>LS</Position>
        <Import>N</Import>
        <Height>6-1"</Height>
        <Weight>243</Weight>
        <Born>28-Jun-77</Born>
        <College>Concordia</College>
    </Roster>
    <Roster id = "r15">
        <Jersey>4</Jersey>
        <Name>Ryan Dinwiddie</Name>
        <Position>QB</Position>
        <Import>I</Import>
        <Height>6-1"</Height>
        <Weight>195</Weight>
        <Born>27-Nov-80</Born>
        <College>Boise State</College>
    </Roster>
    <Roster id = "r16">
        <Jersey>55</Jersey>
        <Name>Ryan Donnelly</Name>
        <Position>OL</Position>
        <Import>N</Import>
        <Height>6-5"</Height>
        <Weight>292</Weight>
        <Born>13-Dec-78</Born>
        <College>McMaster</College>
    </Roster>
    <Roster id = "r17">
        <Jersey>9</Jersey>
        <Name>Travis Dorsch</Name>
        <Position>P/K</Position>
        <Import>I</Import>
        <Height>6-6"</Height>
        <Weight>222</Weight>
        <Born>4-Sep-79</Born>
        <College>Purdue</College>
    </Roster>
    <Roster id = "r18">
        <Jersey>82</Jersey>
        <Name>Terrence Edwards</Name>
        <Position>WR</Position>
        <Import>I</Import>
        <Height>6-0"</Height>
        <Weight>180</Weight>
        <Born>20-Apr-79</Born>
        <College>Georgia</College>
    </Roster>
    <Roster id = "r19">
        <Jersey>90</Jersey>
        <Name>Kai Ellis</Name>
        <Position>DE</Position>
        <Import>I</Import>
        <Height>6-3"</Height>
        <Weight>254</Weight>
        <Born>7-Aug-80</Born>
        <College>Washington</College>
    </Roster>
    <Roster id = "r20">
        <Jersey>36</Jersey>
        <Name>Willie Evans</Name>
        <Position>DE</Position>
        <Import>I</Import>
        <Height>6-1"</Height>
        <Weight>270</Weight>
        <Born>5-Mar-84</Born>
        <College>Mississippi State</College>
    </Roster>
    <Roster id = "r21">
        <Jersey>86</Jersey>
        <Name>Arjei Franklin</Name>
        <Position>SB</Position>
        <Import>N</Import>
        <Height>5'9"</Height>
        <Weight>190</Weight>
        <Born>25-Apr-82</Born>
        <College>Windsor</College>
    </Roster>
    <Roster id = "r22">
        <Jersey>66</Jersey>
        <Name>Alexandre Gauthier</Name>
        <Position>OL</Position>
        <Import>N</Import>
        <Height>6-6"</Height>
        <Weight>326</Weight>
        <Born>8-Dec-76</Born>
        <College>Laval</College>
    </Roster>
    <Roster id = "r23">
        <Jersey>5</Jersey>
        <Name>Kevin Glenn</Name>
        <Position>QB</Position>
        <Import>I</Import>
        <Height>5-10"</Height>
        <Weight>203</Weight>
        <Born>12-Jun-79</Born>
        <College>Illinois State</College>
    </Roster>
    <Roster id = "r24">
        <Jersey>64</Jersey>
        <Name>Dan Goodspeed</Name>
        <Position>OL</Position>
        <Import>I</Import>
        <Height>6-5"</Height>
        <Weight>319</Weight>
        <Born>20-May-77</Born>
        <College>Kent State</College>
    </Roster>
    <Roster id = "r25">
        <Jersey>29</Jersey>
        <Name>Brian Guebert</Name>
        <Position>FB</Position>
        <Import>N</Import>
        <Height>5-9"</Height>
        <Weight>245</Weight>
        <Born>19-Dec-81</Born>
        <College>Saskatchewan</College>
    </Roster>
    <Roster id = "r26">
        <Jersey>40</Jersey>
        <Name>Cam Hall</Name>
        <Position>LB</Position>
        <Import>I</Import>
        <Height>6-0"</Height>
        <Weight>222</Weight>
        <Born>1-Nov-82</Born>
        <College>Boise State</College>
    </Roster>
    <Roster id = "r27">
        <Jersey>15</Jersey>
        <Name>Aaron Hargreaves*</Name>
        <Position>WR</Position>
        <Import>N</Import>
        <Height>6-5"</Height>
        <Weight>234</Weight>
        <Born>26-Jan-86</Born>
        <College>Simon Fraser</College>
    </Roster>
    <Roster id = "r28">
        <Jersey>99</Jersey>
        <Name>Jerome Haywood</Name>
        <Position>DL</Position>
        <Import>I</Import>
        <Height>5-8"</Height>
        <Weight>285</Weight>
        <Born>7-Jun-78</Born>
        <College>San Diego State</College>
    </Roster>
    <Roster id = "r29">
        <Jersey>30</Jersey>
        <Name>Steven Holness</Name>
        <Position>DB</Position>
        <Import>N</Import>
        <Height>5-11"</Height>
        <Weight>194</Weight>
        <Born>20-Jul-83</Born>
        <College>Ottawa</College>
    </Roster>
    <Roster id = "r30">
        <Jersey>24</Jersey>
        <Name>Jovon Johnson</Name>
        <Position>CB</Position>
        <Import>I</Import>
        <Height>5-9"</Height>
        <Weight>181</Weight>
        <Born>2-Nov-83</Born>
        <College>Iowa</College>
    </Roster>
    <Roster id = "r31">
        <Jersey>12</Jersey>
        <Name>Kerry Johnson</Name>
        <Position>WR</Position>
        <Import>I</Import>
        <Height>6-3"</Height>
        <Weight>206</Weight>
        <Born>6-Mar-82</Born>
        <College>Mississippi</College>
    </Roster>
    <Roster id = "r32">
        <Jersey>60</Jersey>
        <Name>Ibrahim Khan</Name>
        <Position>OL</Position>
        <Import>N</Import>
        <Height>6-3"</Height>
        <Weight>270</Weight>
        <Born>8-Oct-80</Born>
        <College>Simon Fraser</College>
    </Roster>
    <Roster id = "r33">
        <Jersey>61</Jersey>
        <Name>Kyle Koch</Name>
        <Position>OL</Position>
        <Import>N</Import>
        <Height>6-2"</Height>
        <Weight>315</Weight>
        <Born>10-Dec-84</Born>
        <College>McMaster</College>
    </Roster>
    <Roster id = "r34">
        <Jersey>95</Jersey>
        <Name>Matt Kudu</Name>
        <Position>DL</Position>
        <Import>N</Import>
        <Height>6-3"</Height>
        <Weight>261</Weight>
        <Born>2-Nov-81</Born>
        <College>Eastern Michigan</College>
    </Roster>
    <Roster id = "r35">
        <Jersey>57</Jersey>
        <Name>Brendon LaBatte*</Name>
        <Position>OL</Position>
        <Import>N</Import>
        <Height>6-4"</Height>
        <Weight>323</Weight>
        <Born>12-Sep-86</Born>
        <College>Regina</College>
    </Roster>
    <Roster id = "r36">
        <Jersey>47</Jersey>
        <Name>Pierre-Luc Labbe*</Name>
        <Position>LB</Position>
        <Import>N</Import>
        <Height>6-2"</Height>
        <Weight>229</Weight>
        <Born>14-May-84</Born>
        <College>Sherbrooke</College>
    </Roster>
    <Roster id = "r37">
        <Jersey>58</Jersey>
        <Name>Joe Lobendahn</Name>
        <Position>LB</Position>
        <Import>I</Import>
        <Height>5-11"</Height>
        <Weight>235</Weight>
        <Born>15-Feb-83</Born>
        <College>Washington</College>
    </Roster>
    <Roster id = "r38">
        <Jersey>31</Jersey>
        <Name>Ian Logan</Name>
        <Position>S</Position>
        <Import>N</Import>
        <Height>5-9"</Height>
        <Weight>190</Weight>
        <Born>19-Aug-82</Born>
        <College>Wilfrid Laurier</College>
    </Roster>
    <Roster id = "r39">
        <Jersey>41</Jersey>
        <Name>Anthony Maggiacomo</Name>
        <Position>LB</Position>
        <Import>N</Import>
        <Height>6-2"</Height>
        <Weight>222</Weight>
        <Born>25-Apr-84</Born>
        <College>Wilfrid Laurier</College>
    </Roster>
    <Roster id = "r40">
        <Jersey>3</Jersey>
        <Name>Anthony Malbrough</Name>
        <Position>HB</Position>
        <Import>I</Import>
        <Height>5-9"</Height>
        <Weight>180</Weight>
        <Born>9-Dec-76</Born>
        <College>Texas Tech</College>
    </Roster>
    <Roster id = "r41">
        <Jersey>27</Jersey>
        <Name>Kelly Malveaux</Name>
        <Position>DB</Position>
        <Import>I</Import>
        <Height>5-9"</Height>
        <Weight>193</Weight>
        <Born>11-May-76</Born>
        <College>Arizona</College>
    </Roster>
    <Roster id = "r42">
        <Jersey>91</Jersey>
        <Name>Shawn Mayne</Name>
        <Position>DL</Position>
        <Import>N</Import>
        <Height>6-3"</Height>
        <Weight>248</Weight>
        <Born>5-Jun-80</Born>
        <College>Connecticut</College>
    </Roster>
    <Roster id = "r43">
        <Jersey>21</Jersey>
        <Name>Casey McGahee</Name>
        <Position>WR</Position>
        <Import>I</Import>
        <Height>5-9"</Height>
        <Weight>155</Weight>
        <Born>7-Dec-83</Born>
        <College>Florida Atlantic</College>
    </Roster>
    <Roster id = "r44">
        <Jersey>42</Jersey>
        <Name>Neil McKinlay</Name>
        <Position>LB</Position>
        <Import>N</Import>
        <Height>6-0"</Height>
        <Weight>220</Weight>
        <Born>25-Apr-81</Born>
        <College>Simon Fraser</College>
    </Roster>
    <Roster id = "r45">
        <Jersey>93</Jersey>
        <Name>Josh Miller</Name>
        <Position>DL</Position>
        <Import>I</Import>
        <Height>6-4"</Height>
        <Weight>282</Weight>
        <Born>19-Nov-86</Born>
        <College>Saginaw Valley State</College>
    </Roster>
    <Roster id = "r46">
        <Jersey>19</Jersey>
        <Name>Zeke Moreno</Name>
        <Position>LB</Position>
        <Import>I</Import>
        <Height>6-2"</Height>
        <Weight>246</Weight>
        <Born>10-Oct-78</Born>
        <College>Southern California</College>
    </Roster>
    <Roster id = "r47">
        <Jersey>13</Jersey>
        <Name>Jason Nugent</Name>
        <Position>DB</Position>
        <Import>N</Import>
        <Height>6-0"</Height>
        <Weight>210</Weight>
        <Born>18-May-82</Born>
        <College>Rutgers</College>
    </Roster>
    <Roster id = "r48">
        <Jersey>67</Jersey>
        <Name>Matt O'Meara</Name>
        <Position>OL</Position>
        <Import>N</Import>
        <Height>6-5"</Height>
        <Weight>285</Weight>
        <Born>7-Aug-82</Born>
        <College>McMaster</College>
    </Roster>
    <Roster id = "r49">
        <Jersey>77</Jersey>
        <Name>Jon Oosterhuis</Name>
        <Position>DT</Position>
        <Import>N</Import>
        <Height>6-4"</Height>
        <Weight>280</Weight>
        <Born>13-Jun-77</Born>
        <College>New Hampshire</College>
    </Roster>
    <Roster id = "r50">
        <Jersey>53</Jersey>
        <Name>Dominic Picard</Name>
        <Position>OL</Position>
        <Import>N</Import>
        <Height>6-2"</Height>
        <Weight>302</Weight>
        <Born>22-Jun-82</Born>
        <College>Laval</College>
    </Roster>
    <Roster id = "r51">
        <Jersey>10</Jersey>
        <Name>Bryan Randall</Name>
        <Position>QB</Position>
        <Import>I</Import>
        <Height>6-1"</Height>
        <Weight>218</Weight>
        <Born>16-Aug-83</Born>
        <College>Virginia Tech</College>
    </Roster>
    <Roster id = "r52">
        <Jersey>32</Jersey>
        <Name>Fred Reid</Name>
        <Position>RB</Position>
        <Import>I</Import>
        <Height>5-8"</Height>
        <Weight>185</Weight>
        <Born>16-Mar-82</Born>
        <College>Mississippi State</College>
    </Roster>
    <Roster id = "r53">
        <Jersey>23</Jersey>
        <Name>Michael Roberts</Name>
        <Position>DB</Position>
        <Import>N</Import>
        <Height>5-11"</Height>
        <Weight>185</Weight>
        <Born>16-Sep-83</Born>
        <College>Indiana State</College>
    </Roster>
    <Roster id = "r54">
        <Jersey>16</Jersey>
        <Name>Stanford Samuels</Name>
        <Position>DB</Position>
        <Import>I</Import>
        <Height>5-10"</Height>
        <Weight>193</Weight>
        <Born>27-Jul-80</Born>
        <College>Florida State</College>
    </Roster>
    <Roster id = "r55">
        <Jersey>18</Jersey>
        <Name>Alexis Serna</Name>
        <Position>P/K</Position>
        <Import>I</Import>
        <Height>5-7"</Height>
        <Weight>170</Weight>
        <Born>8-Feb-85</Born>
        <College>Oregon State</College>
    </Roster>
    <Roster id = "r56">
        <Jersey>54</Jersey>
        <Name>Matt Sheridan</Name>
        <Position>OL</Position>
        <Import>N</Import>
        <Height>6-3"</Height>
        <Weight>338</Weight>
        <Born>27-May-77</Born>
        <College>Manitoba</College>
    </Roster>
    <Roster id = "r57">
        <Jersey>51</Jersey>
        <Name>Barrin Simpson</Name>
        <Position>LB</Position>
        <Import>I</Import>
        <Height>5-11"</Height>
        <Weight>230</Weight>
        <Born>1-Oct-77</Born>
        <College>Mississippi State</College>
    </Roster>
    <Roster id = "r58">
        <Jersey>62</Jersey>
        <Name>Bobby Singh</Name>
        <Position>OL</Position>
        <Import>N</Import>
        <Height>6-3"</Height>
        <Weight>315</Weight>
        <Born>21-Nov-75</Born>
        <College>Portland State</College>
    </Roster>
    <Roster id = "r59">
        <Jersey>33</Jersey>
        <Name>Joe Smith</Name>
        <Position>RB</Position>
        <Import>I</Import>
        <Height>6-2"</Height>
        <Weight>224</Weight>
        <Born>26-Aug-79</Born>
        <College>Louisiana Tech</College>
    </Roster>
    <Roster id = "r60">
        <Jersey>85</Jersey>
        <Name>Milt Stegall</Name>
        <Position>SB</Position>
        <Import>I</Import>
        <Height>6-0"</Height>
        <Weight>189</Weight>
        <Born>25-Jan-70</Born>
        <College>Miami-Ohio</College>
    </Roster>
    <Roster id = "r61">
        <Jersey>34</Jersey>
        <Name>Daryl Stephenson*</Name>
        <Position>RB</Position>
        <Import>N</Import>
        <Height>6-2"</Height>
        <Weight>232</Weight>
        <Born>8-Oct-85</Born>
        <College>Windsor</College>
    </Roster>
    <Roster id = "r62">
        <Jersey>88</Jersey>
        <Name>Jamie Stoddard</Name>
        <Position>WR</Position>
        <Import>N</Import>
        <Height>6-1"</Height>
        <Weight>196</Weight>
        <Born>29-Dec-77</Born>
        <College>Alberta</College>
    </Roster>
    <Roster id = "r63">
        <Jersey>98</Jersey>
        <Name>Gavin Walls</Name>
        <Position>DE</Position>
        <Import>I</Import>
        <Height>6-2"</Height>
        <Weight>231</Weight>
        <Born>29-Jan-80</Born>
        <College>Arkansas</College>
    </Roster>
    <Roster id = "r64">
        <Jersey>2</Jersey>
        <Name>Marcus Winn</Name>
        <Position>LB</Position>
        <Import>I</Import>
        <Height>6-1"</Height>
        <Weight>210</Weight>
        <Born>26-Dec-81</Born>
        <College>Alabama State</College>
    </Roster>
</TeamRoster>
