<?xml version="1.0" encoding="ISO-8859-1"?>
<TeamSchedule>
    <Season Year="2008">
        <Schedule Week="1" Date="Friday, June 27">
            <Teams>WINNIPEG vs. TORONTO</Teams>
            <Time>7:00</Time>
            <Stats>23-16 L</Stats>
        </Schedule>
        <Schedule Week="2" Date="Friday, July 4">
            <Teams>Winnipeg @ Montreal</Teams>
            <Time>6:00</Time>
            <Stats>38-24 L</Stats>
        </Schedule>
        <Schedule Week="3" Date="Friday, July 11">
            <Teams>WINNIPEG vs. BC</Teams>
            <Time>7:00</Time>
            <Stats>42-24 L</Stats>
        </Schedule>
    </Season>
</TeamSchedule>
