<?xml version="1.0" encoding="UTF-8"?>
<project-private xmlns="http://www.netbeans.org/ns/project-private/1">
    <editor-bookmarks xmlns="http://www.netbeans.org/ns/editor-bookmarks/1"/>
    <open-files xmlns="http://www.netbeans.org/ns/projectui-open-files/1">
        <file>file:/export/home/jim/Documents/marking/comp4711/4B/lab5/SleminJimComp4711Lab5/src/Main.java</file>
        <file>file:/export/home/jim/Documents/marking/comp4711/4B/lab5/SleminJimComp4711Lab5/src/NewsFilter.java</file>
        <file>file:/export/home/jim/Documents/marking/comp4711/4B/lab5/SleminJimComp4711Lab5/src/TimeFilter.java</file>
        <file>file:/export/home/jim/Documents/marking/comp4711/4B/lab5/SleminJimComp4711Lab5/src/WhoFilter.java</file>
    </open-files>
</project-private>
