<?xml version="1.0"?>
<!--
    Document   : Lab4.xml
    Created on : Feb 8, 2009
    Author     : Max Wardell
    Description:
        Purpose of the document follows.
-->

<GolfCourse
xmlns="http://www.w3schools.com"
xmlns:xsi="http://www.w3.org/2001/XMLSchema-instance"
xsi:schemaLocation="http://www.w3schools.com course.xsd" >
    <course ID='7365'>
        <courseInfo>
            <name>FANTASTIC GOLF TIMES!</name>
            <address>
                <streetAddress>846 Golshsmhire Rd.</streetAddress>
                <town>Vancouver</town>
                <country>Canada</country>
                <postCode>F6R-7H4</postCode>
            </address>
            <contactNumber>746 847 8476</contactNumber>
            <scratchScore>8</scratchScore>
        </courseInfo>
        <courseRounds ID='4857'>
            <start date='2009-01-14' time='04:48:00'></start>
            <finish date='2009-01-14' time='05:53:00'></finish>
            <numberofHoles>18</numberofHoles>
            <weatherConditions>Fair</weatherConditions>
        </courseRounds>
        <courseRounds ID='8465'>
            <start date='2009-01-15' time='05:44:00'></start>
            <finish date='2009-01-15' time='08:34:00'></finish>
            <numberofHoles>18</numberofHoles>
            <weatherConditions>Fair</weatherConditions>
        </courseRounds>
        <holeDetails ID='8475'>
            <par>7</par>
            <yards>300</yards>
            <addInfo>N/A</addInfo>
        </holeDetails>
        <holeDetails ID='7365'>
            <par>3</par>
            <yards>200</yards>
            <addInfo>N/A</addInfo>
        </holeDetails>
    </course>
    <course ID='8465'>
        <courseInfo>
            <name>GREAT GOLFING FUN PALOOZA</name>
            <address>
                <streetAddress>746 HampShnogg St.</streetAddress>
                <town>Vancouver</town>
                <country>Canada</country>
                <postCode>N6E-2J4</postCode>
            </address>
            <contactNumber>474 857 7465</contactNumber>
            <scratchScore>9</scratchScore>
        </courseInfo>
        <courseRounds ID='9764'>
            <start date='2009-03-12' time='04:35:00'></start>
            <finish date='2009-03-12' time='08:54:00'></finish>
            <numberofHoles>18</numberofHoles>
            <weatherConditions>Great</weatherConditions>
        </courseRounds>
        <courseRounds ID='9365'>
            <start date='2009-03-18' time='05:45:00'></start>
            <finish date='2009-03-18' time='08:39:00'></finish>
            <numberofHoles>18</numberofHoles>
            <weatherConditions>Fair</weatherConditions>
        </courseRounds>
        <holeDetails ID='1465'>
            <par>5</par>
            <yards>388</yards>
            <addInfo>N/A</addInfo>
        </holeDetails>
        <holeDetails ID='9733'>
            <par>5</par>
            <yards>835</yards>
            <addInfo>N/A</addInfo>
        </holeDetails>
    </course>
    <course ID='1276'>
        <courseInfo>
            <name>GRRREEATTT GOLF!</name>
            <address>
                <streetAddress>8736 Hnrhyr Rd.</streetAddress>
                <town>Vancouver</town>
                <country>Canada</country>
                <postCode>Y7H-1H5</postCode>
            </address>
            <contactNumber>836 846 7465</contactNumber>
            <scratchScore>8</scratchScore>
        </courseInfo>
        <courseRounds ID='8975'>
            <start date='2009-04-14' time='03:48:00'></start>
            <finish date='2009-04-14' time='05:53:00'></finish>
            <numberofHoles>18</numberofHoles>
            <weatherConditions>Fair</weatherConditions>
        </courseRounds>
        <courseRounds ID='7465'>
            <start date='2009-04-15' time='03:55:00'></start>
            <finish date='2009-04-15' time='10:00:00'></finish>
            <numberofHoles>18</numberofHoles>
            <weatherConditions>Rain</weatherConditions>
        </courseRounds>
        <holeDetails ID='8365'>
            <par>8</par>
            <yards>375</yards>
            <addInfo>N/A</addInfo>
        </holeDetails>
        <holeDetails ID='8365'>
            <par>4</par>
            <yards>227</yards>
            <addInfo>N/A</addInfo>
        </holeDetails>
    </course>
</GolfCourse>


