<?xml version="1.0"?>
<!--
    Document   : Lab4.xml
    Created on : Feb 8, 2009
    Author     : Max Wardell
    Description:
        Purpose of the document follows.
-->

<Players
xmlns="http://www.w3schools.com"
xmlns:xsi="http://www.w3.org/2001/XMLSchema-instance"
xsi:schemaLocation="http://www.w3schools.com player.xsd" >
    <player ID='2305'>
        <playerInfo>
            <name>
                <first>Max</first>
                <last>Wardell</last>
            </name>
            <address>
                <streetAddress>123 FakeStreet Rd.</streetAddress>
                <town>Vancouver</town>
                <country>Canada</country>
                <postCode>V3R-1J6</postCode>
            </address>
            <contactNumber>778 638 7365</contactNumber>
        </playerInfo>
        <rounds ID='2358'>
            <holeNumber score="1">3</holeNumber>
            <holeNumber score="3">6</holeNumber>
        </rounds>
        <rounds ID='2358'>
            <holeNumber score="6">3</holeNumber>
            <holeNumber score="3">9</holeNumber>
        </rounds>
        <handicaps ID='3712'>
            <date>Dec 25th, 2007</date>
            <score>25</score>
        </handicaps>
        <handicaps ID='8476'>
            <date>Dec 26th, 2007</date>
            <score>14</score>
        </handicaps>
    </player>
    <player ID='8947'>
        <playerInfo>
            <name>
                <first>Micktarl</first>
                <last>Mogol</last>
            </name>
            <address>
                <streetAddress>385 DumpStreet Rd.</streetAddress>
                <town>Vancouver</town>
                <country>Canada</country>
                <postCode>V7R-8Y6</postCode>
            </address>
            <contactNumber>604 383 8473</contactNumber>
        </playerInfo>
        <rounds ID='8475'>
            <holeNumber score="6">9</holeNumber>
            <holeNumber score="7">3</holeNumber>
        </rounds>
        <rounds ID='9475'>
            <holeNumber score="4">6</holeNumber>
            <holeNumber score="5">5</holeNumber>
        </rounds>
        <handicaps ID='9487'>
            <date>Jan 14th, 2009</date>
            <score>3</score>
        </handicaps>
        <handicaps ID='8747'>
            <date>Jan 15th, 2009</date>
            <score>5</score>
        </handicaps>
    </player>
    <player ID='8476'>
        <playerInfo>
            <name>
                <first>Josh</first>
                <last>Smith</last>
            </name>
            <address>
                <streetAddress>456 StreetStreet Rd.</streetAddress>
                <town>Vancouver</town>
                <country>Canada</country>
                <postCode>V8K-4H6</postCode>
            </address>
            <contactNumber>604 836 8465</contactNumber>
        </playerInfo>
        <rounds ID='7355'>
            <holeNumber score="4">5</holeNumber>
            <holeNumber score="4">7</holeNumber>
        </rounds>
        <rounds ID='9375'>
            <holeNumber score="5">5</holeNumber>
            <holeNumber score="6">6</holeNumber>
        </rounds>
        <handicaps ID='8475'>
            <date>Feb 24th, 2009</date>
            <score>25</score>
        </handicaps>
        <handicaps ID='8947'>
            <date>Feb 27th, 2009</date>
            <score>14</score>
        </handicaps>
    </player>
</Players>


