<?xml version="1.0" encoding="UTF-8"?>
<!DOCTYPE vehiclesales SYSTEM "USVehicleSales.dtd" >
<vehiclesales>
    <make code="Chrysler" region="NA">
        <sales year="2008" month="08">109740</sales>
        <sales year="2007" month="08">168203</sales>
        <ytdsales year="2008" month="08">1072456</ytdsales>
        <ytdsales year="2007" month="08">1419024</ytdsales>
    </make>
    <make code="Ford" region="NA">
        <sales year="2008" month="08">152118</sales>
        <sales year="2007" month="08">204246</sales>
        <ytdsales year="2008" month="08">1438128</ytdsales>
        <ytdsales year="2007" month="08">1700477</ytdsales>
    </make>
    <make code="GM" region="NA">
        <sales year="2008" month="08">307379</sales>
        <sales year="2007" month="08">385529</sales>
        <ytdsales year="2008" month="08">2130656</ytdsales>
        <ytdsales year="2007" month="08">2600274</ytdsales>
    </make>
    <make code="International (Navistar)" region="NA">
        <sales year="2008" month="08">12</sales>
        <sales year="2007" month="08">0</sales>
        <ytdsales year="2008" month="08">135</ytdsales>
        <ytdsales year="2007" month="08">0</ytdsales>
    </make>
    <make code="Honda" region="AS">
        <sales year="2008" month="08">146855</sales>
        <sales year="2007" month="08">158342</sales>
        <ytdsales year="2008" month="08">1083957</ytdsales>
        <ytdsales year="2007" month="08">1066320</ytdsales>
    </make>
    <make code="Hyundai" region="AS">
        <sales year="2008" month="08">41130</sales>
        <sales year="2007" month="08">41130</sales>
        <ytdsales year="2008" month="08">312899</ytdsales>
        <ytdsales year="2007" month="08">325193</ytdsales>
    </make>
    <make code="Isuzu" region="AS">
        <sales year="2008" month="08">510</sales>
        <sales year="2007" month="08">1035</sales>
        <ytdsales year="2008" month="08">5734</ytdsales>
        <ytdsales year="2007" month="08">7700</ytdsales>
    </make>
    <make code="Kia" region="AS">
        <sales year="2008" month="08">25065</sales>
        <sales year="2007" month="08">26874</sales>
        <ytdsales year="2008" month="08">210705</ytdsales>
        <ytdsales year="2007" month="08">207956</ytdsales>
    </make>
    <make code="Mazda" region="AS">
        <sales year="2008" month="08">23680</sales>
        <sales year="2007" month="08">24762</sales>
        <ytdsales year="2008" month="08">199239</ytdsales>
        <ytdsales year="2007" month="08">203301</ytdsales>
    </make>
    <make code="Mitsubishi" region="AS">
        <sales year="2008" month="08">9200</sales>
        <sales year="2007" month="08">13020</sales>
        <ytdsales year="2008" month="08">72727</ytdsales>
        <ytdsales year="2007" month="08">93724</ytdsales>
    </make>
    <make code="Nissan" region="AS">
        <sales year="2008" month="08">108501</sales>
        <sales year="2007" month="08">95547</sales>
        <ytdsales year="2008" month="08">726209</ytdsales>
        <ytdsales year="2007" month="08">718926</ytdsales>
    </make>
    <make code="Subaru" region="AS">
        <sales year="2008" month="08">18932</sales>
        <sales year="2007" month="08">16573</sales>
        <ytdsales year="2008" month="08">129298</ytdsales>
        <ytdsales year="2007" month="08">122165</ytdsales>
    </make>
    <make code="Suzuki" region="AS">
        <sales year="2008" month="08">6083</sales>
        <sales year="2007" month="08">8916</sales>
        <ytdsales year="2008" month="08">70434</ytdsales>
        <ytdsales year="2007" month="08">74347</ytdsales>
    </make>
    <make code="Tata*" region="AS">
        <sales year="2008" month="08">3338</sales>
        <sales year="2007" month="08">6212</sales>
        <ytdsales year="2008" month="08">31687</ytdsales>
        <ytdsales year="2007" month="08">42840</ytdsales>
    </make>
    <make code="Toyota" region="AS">
        <sales year="2008" month="08">211533</sales>
        <sales year="2007" month="08">233471</sales>
        <ytdsales year="2008" month="08">1649043</ytdsales>
        <ytdsales year="2007" month="08">1788603</ytdsales>
    </make>
    <make code="BMW" region="EU">
        <sales year="2008" month="08">30931</sales>
        <sales year="2007" month="08">30639</sales>
        <ytdsales year="2008" month="08">217821</ytdsales>
        <ytdsales year="2007" month="08">223341</ytdsales>
    </make>
    <make code="Daimler" region="EU">
        <sales year="2008" month="08">20944</sales>
        <sales year="2007" month="08">20987</sales>
        <ytdsales year="2008" month="08">175010</ytdsales>
        <ytdsales year="2007" month="08">157814</ytdsales>
    </make>
    <make code="Porsche" region="EU">
        <sales year="2008" month="08">1404</sales>
        <sales year="2007" month="08">2548</sales>
        <ytdsales year="2008" month="08">19618</ytdsales>
        <ytdsales year="2007" month="08">23637</ytdsales>
    </make>
    <make code="Volkswagen" region="EU">
        <sales year="2008" month="08">81977</sales>
        <sales year="2007" month="08">83449</sales>
        <ytdsales year="2008" month="08">217821</ytdsales>
        <ytdsales year="2007" month="08">223341</ytdsales>
    </make>
</vehiclesales>
