130.117.1.73,80.245.32.74
130.117.3.226,66.28.0.30
130.117.49.105,80.245.32.74
130.117.49.93,80.91.64.50
130.117.50.89,66.28.0.30
130.117.50.90,80.245.32.74
166.63.221.193,141.1.27.248
166.63.221.194,141.1.27.248
195.2.10.109,141.1.27.248
195.2.10.110,141.1.27.248
195.2.21.138,141.1.27.248
195.2.21.177,141.1.27.248
195.2.21.197,141.1.27.248
195.2.21.198,141.1.27.248
195.2.22.65,141.1.27.248
195.2.25.101,141.1.27.248
195.2.25.102,141.1.27.248
195.2.25.105,141.1.27.248
195.2.25.106,141.1.27.248
195.2.25.18,141.1.27.248
195.2.25.197,141.1.27.248
195.2.25.201,141.1.27.248
195.2.25.202,141.1.27.248
195.2.25.21,141.1.27.248
195.2.25.221,141.1.27.248
195.2.25.222,141.1.27.248
195.2.25.30,141.1.27.248
195.2.25.57,141.1.27.248
195.2.25.58,141.1.27.248
195.2.25.89,141.1.27.248
195.2.25.90,141.1.27.248
195.2.25.93,141.1.27.248
195.2.25.94,141.1.27.248
195.2.25.97,141.1.27.248
195.2.25.98,141.1.27.248
208.49.224.161,64.212.106.87
208.49.224.162,64.212.106.87
213.155.141.153,81.228.11.67
213.248.100.93,81.228.11.67
213.248.100.94,81.228.10.67
213.248.65.117,81.228.11.67
213.248.65.209,81.228.10.67
213.248.65.210,81.228.10.67
213.248.65.89,81.228.10.67
213.248.65.93,81.228.10.67
213.248.65.97,81.228.11.67
213.248.65.98,81.228.10.67
213.248.77.50,81.228.11.67
213.248.80.145,81.228.11.67
213.248.80.148,81.228.10.67
213.248.82.14,81.228.10.67
213.248.82.238,81.228.11.67
213.248.88.46,81.228.10.67
213.248.90.237,81.228.10.67
213.248.91.162,81.228.10.67
213.248.96.101,81.228.11.67
213.248.96.82,81.228.10.67
4.53.84.222,209.244.0.1
4.68.101.30,209.244.0.1
4.68.101.62,209.244.0.1
4.68.111.101,209.244.0.1
4.68.111.141,209.244.0.1
4.68.111.142,209.244.0.1
4.68.111.146,209.244.0.1
4.68.111.170,209.244.0.1
4.68.111.90,209.244.0.1
4.68.16.137,209.244.0.1
4.68.16.196,209.244.0.1
4.68.16.201,209.244.0.1
4.68.16.4,209.244.0.1
4.68.16.68,209.244.0.1
4.68.16.73,209.244.0.1
4.68.16.9,209.244.0.1
4.68.17.146,209.244.0.1
4.68.17.18,209.244.0.1
4.68.17.210,209.244.0.1
4.68.17.82,209.244.0.1
4.68.18.132,209.244.0.1
4.68.18.190,209.244.0.1
4.68.18.196,209.244.0.1
4.68.18.4,209.244.0.1
4.68.18.68,209.244.0.1
4.68.23.11,209.244.0.1
4.68.23.12,209.244.0.1
4.68.23.126,209.244.0.1
4.68.23.139,209.244.0.1
4.68.23.14,209.244.0.1
4.68.23.140,209.244.0.1
4.68.23.142,209.244.0.1
4.68.23.190,209.244.0.1
4.68.23.203,209.244.0.1
4.68.23.204,209.244.0.1
4.68.23.206,209.244.0.1
4.68.23.254,209.244.0.1
4.68.23.62,209.244.0.1
4.68.23.75,209.244.0.1
4.68.23.76,209.244.0.1
4.68.23.78,209.244.0.1
4.68.62.26,209.244.0.1
4.68.62.30,209.244.0.1
4.68.62.34,209.244.0.1
4.68.63.105,209.244.0.1
4.68.63.121,209.244.0.1
4.69.132.113,209.244.0.1
4.69.132.114,209.244.0.1
4.69.132.134,209.244.0.1
4.69.132.137,209.244.0.1
4.69.132.138,209.244.0.1
4.69.132.37,209.244.0.1
4.69.132.38,209.244.0.1
4.69.132.57,209.244.0.1
4.69.132.61,209.244.0.1
4.69.132.62,209.244.0.1
4.69.132.69,209.244.0.1
4.69.132.70,209.244.0.1
4.69.132.82,209.244.0.1
4.69.132.9,209.244.0.1
4.69.132.93,209.244.0.1
4.69.132.94,209.244.0.1
4.69.133.109,209.244.0.1
4.69.133.110,209.244.0.1
4.69.133.113,209.244.0.1
4.69.133.114,209.244.0.1
4.69.133.117,209.244.0.1
4.69.133.118,209.244.0.1
4.69.133.121,209.244.0.1
4.69.133.122,209.244.0.1
4.69.133.125,209.244.0.1
4.69.133.126,209.244.0.1
4.69.133.89,209.244.0.1
4.69.133.90,209.244.0.1
4.69.134.114,209.244.0.1
4.69.134.117,209.244.0.1
4.69.134.118,209.244.0.1
4.69.134.121,209.244.0.1
4.69.134.122,209.244.0.1
4.69.134.125,209.244.0.1
4.69.134.126,209.244.0.1
4.69.134.145,209.244.0.1
4.69.134.146,209.244.0.1
4.69.134.149,209.244.0.1
4.69.134.150,209.244.0.1
4.69.134.153,209.244.0.1
4.69.134.154,209.244.0.1
4.69.134.157,209.244.0.1
4.69.134.158,209.244.0.1
4.69.134.177,209.244.0.1
4.69.134.178,209.244.0.1
4.69.134.181,209.244.0.1
4.69.134.182,209.244.0.1
4.69.134.185,209.244.0.1
4.69.134.186,209.244.0.1
4.69.134.189,209.244.0.1
4.69.134.190,209.244.0.1
4.69.134.210,209.244.0.1
4.69.134.214,209.244.0.1
4.69.134.218,209.244.0.1
4.69.134.222,209.244.0.1
4.69.134.226,209.244.0.1
4.69.134.230,209.244.0.1
4.69.134.234,209.244.0.1
4.69.134.238,209.244.0.1
4.69.134.241,209.244.0.1
4.69.134.242,209.244.0.1
4.69.134.246,209.244.0.1
4.69.134.249,209.244.0.1
4.69.134.250,209.244.0.1
4.69.134.253,209.244.0.1
4.69.134.254,209.244.0.1
4.69.134.65,209.244.0.1
4.69.134.66,209.244.0.1
4.69.134.69,209.244.0.1
4.69.134.70,209.244.0.1
4.69.134.73,209.244.0.1
4.69.134.74,209.244.0.1
4.69.134.77,209.244.0.1
4.69.134.78,209.244.0.1
4.69.135.185,209.244.0.1
4.69.135.186,209.244.0.1
4.69.137.49,209.244.0.1
4.69.137.50,209.244.0.1
4.69.137.53,209.244.0.1
4.69.137.54,209.244.0.1
4.69.137.57,209.244.0.1
4.69.137.58,209.244.0.1
4.69.137.61,209.244.0.1
4.69.137.62,209.244.0.1
4.69.137.65,209.244.0.1
4.69.137.66,209.244.0.1
4.69.137.69,209.244.0.1
4.69.137.70,209.244.0.1
4.69.137.73,209.244.0.1
4.69.137.74,209.244.0.1
4.69.137.77,209.244.0.1
4.69.137.78,209.244.0.1
4.69.139.102,209.244.0.1
4.69.139.138,209.244.0.1
4.69.139.97,209.244.0.1
4.69.139.99,209.244.0.1
4.69.140.17,209.244.0.1
4.69.140.18,209.244.0.1
4.69.140.190,209.244.0.1
4.69.140.194,209.244.0.1
4.69.140.197,209.244.0.1
4.69.140.198,209.244.0.1
4.69.140.21,209.244.0.1
4.69.140.22,209.244.0.1
4.69.140.25,209.244.0.1
4.69.140.26,209.244.0.1
4.69.140.29,209.244.0.1
4.69.140.30,209.244.0.1
4.69.141.149,209.244.0.1
4.69.141.150,209.244.0.1
4.69.141.169,209.244.0.1
4.69.142.169,209.244.0.1
4.69.142.170,209.244.0.1
4.69.144.10,209.244.0.1
4.69.144.114,209.244.0.1
4.69.144.116,209.244.0.1
4.69.144.135,209.244.0.1
4.69.144.137,209.244.0.1
4.69.144.138,209.244.0.1
4.69.144.178,209.244.0.1
4.69.144.180,209.244.0.1
4.69.144.199,209.244.0.1
4.69.144.201,209.244.0.1
4.69.144.202,209.244.0.1
4.69.144.242,209.244.0.1
4.69.144.244,209.244.0.1
4.69.144.50,209.244.0.1
4.69.144.52,209.244.0.1
4.69.144.7,209.244.0.1
4.69.144.71,209.244.0.1
4.69.144.74,209.244.0.1
4.69.144.9,209.244.0.1
4.71.176.5,209.244.0.1
4.71.176.6,209.244.0.1
4.78.195.201,209.244.0.1
4.78.195.202,209.244.0.1
4.79.42.229,209.244.0.1
4.79.42.230,209.244.0.1
64.152.45.198,209.244.0.1
64.230.158.26,207.236.176.21
64.230.176.177,207.164.234.36
64.230.176.201,207.164.234.36
67.17.106.245,64.212.106.87
67.69.199.121,207.164.234.36
67.69.199.126,207.164.234.36
80.91.246.19,81.228.11.67
80.91.247.172,81.228.10.67
80.91.247.188,81.228.11.67
80.91.247.189,81.228.11.67
80.91.247.190,81.228.10.67
80.91.247.241,81.228.11.67
80.91.247.255,81.228.11.67
80.91.247.35,81.228.11.67
80.91.247.38,81.228.11.67
80.91.247.79,81.228.11.67
80.91.247.88,81.228.11.67
80.91.247.91,81.228.10.67
80.91.248.138,81.228.11.67
80.91.248.158,81.228.11.67
80.91.248.193,81.228.11.67
80.91.248.197,81.228.10.67
80.91.248.208,81.228.11.67
80.91.248.214,81.228.11.67
80.91.248.253,81.228.11.67
80.91.248.61,81.228.11.67
80.91.248.65,81.228.10.67
80.91.248.69,81.228.10.67
80.91.248.89,81.228.11.67
80.91.249.109,81.228.11.67
80.91.249.111,81.228.11.67
80.91.249.115,81.228.10.67
80.91.249.16,81.228.10.67
80.91.249.176,81.228.10.67
80.91.249.179,81.228.11.67
80.91.249.181,81.228.11.67
80.91.249.248,81.228.11.67
80.91.249.249,81.228.11.67
80.91.249.45,81.228.10.67
80.91.250.146,81.228.10.67
80.91.250.169,81.228.11.67
80.91.250.209,81.228.11.67
80.91.250.225,81.228.11.67
80.91.250.226,81.228.11.67
80.91.250.229,81.228.11.67
80.91.250.230,81.228.11.67
80.91.251.121,81.228.10.67
80.91.251.123,81.228.10.67
80.91.251.124,81.228.10.67
80.91.251.125,81.228.11.67
80.91.251.126,81.228.11.67
80.91.251.206,81.228.11.67
80.91.251.207,81.228.10.67
80.91.251.208,81.228.11.67
80.91.251.209,81.228.10.67
80.91.251.210,81.228.11.67
80.91.251.250,81.228.10.67
80.91.251.28,81.228.11.67
80.91.252.162,81.228.10.67
80.91.252.197,81.228.10.67
80.91.252.205,81.228.11.67
80.91.252.209,81.228.10.67
80.91.252.217,81.228.10.67
80.91.252.229,81.228.11.67
80.91.252.233,81.228.10.67
80.91.252.57,81.228.10.67
80.91.252.62,81.228.10.67
80.91.253.106,81.228.10.67
80.91.253.117,81.228.10.67
80.91.254.205,81.228.11.67
80.91.254.208,81.228.10.67
80.91.254.250,81.228.11.67
