<?xml version="1.0" encoding="UTF-8"?>
<!DOCTYPE light_vehicle_sales SYSTEM "CalderSeanComp4711Lab3.dtd" >
<light_vehicle_sales>
	<region name="North America">

		<make name="Chrysler">	
			<timeline type="Month">
				<sales month_name="August" year="2008">109740</sales>
				<sales month_name="August" year="2007">168203</sales>
				<percent_share time="Current">8.8</percent_share>
				<percent_share time="Year-Ago">11.4</percent_share>
				<dsr_percent_change>-34.8</dsr_percent_change>
			</timeline>
			<timeline type="CalendarYTD">
				<timespan start_month="January" end_month="August" year="2008">1072456</timespan>
				<timespan start_month="January" end_month="August" year="2007">1419024</timespan>
				<volume_percent_change>-24.4</volume_percent_change>
			</timeline>
		</make>

		<make name="Ford">	
			<timeline type="Month">
				<sales month_name="August" year="2008">152118</sales>
				<sales month_name="August" year="2007">204246</sales>
				<percent_share time="Current">12.2</percent_share>
				<percent_share time="Year-Ago">13.9</percent_share>
				<dsr_percent_change>-25.5</dsr_percent_change>
			</timeline>
			<timeline type="CalendarYTD">
				<timespan start_month="January" end_month="August" year="2008">1438128</timespan>
				<timespan start_month="January" end_month="August" year="2007">1700477</timespan>
				<volume_percent_change>-15.4</volume_percent_change>
			</timeline>
		</make>

	</region>

	<region name="Asia">

		<make name="Honda">	
			<timeline type="Month">
				<sales month_name="August" year="2008">146855</sales>
				<sales month_name="August" year="2007">158342</sales>
				<percent_share time="Current">11.8</percent_share>
				<percent_share time="Year-Ago">10.8</percent_share>
				<dsr_percent_change>-7.3</dsr_percent_change>
			</timeline>
			<timeline type="CalendarYTD">
				<timespan start_month="January" end_month="August" year="2008">1083957</timespan>
				<timespan start_month="January" end_month="August" year="2007">1066320</timespan>
				<volume_percent_change>1.7</volume_percent_change>
			</timeline>
		</make>

		<make name="Hyundai">	
			<timeline type="Month">
				<sales month_name="August" year="2008">41130</sales>
				<sales month_name="August" year="2007">45087</sales>
				<percent_share time="Current">3.3</percent_share>
				<percent_share time="Year-Ago">3.1</percent_share>
				<dsr_percent_change>-8.8</dsr_percent_change>
			</timeline>
			<timeline type="CalendarYTD">
				<timespan start_month="January" end_month="August" year="2008">312899</timespan>
				<timespan start_month="January" end_month="August" year="2007">325193</timespan>
				<volume_percent_change>-3.8</volume_percent_change>
			</timeline>
		</make>

	</region>

	<region name="Europe">

		<make name="BMW">	
			<timeline type="Month">
				<sales month_name="August" year="2008">30931</sales>
				<sales month_name="August" year="2007">30639</sales>
				<percent_share time="Current">2.5</percent_share>
				<percent_share time="Year-Ago">2.1</percent_share>
				<dsr_percent_change>1.0</dsr_percent_change>
			</timeline>
			<timeline type="CalendarYTD">
				<timespan start_month="January" end_month="August" year="2008">217821</timespan>
				<timespan start_month="January" end_month="August" year="2007">223341</timespan>
				<volume_percent_change>-2.5</volume_percent_change>
			</timeline>
		</make>

		<make name="Daimler">	
			<timeline type="Month">
				<sales month_name="August" year="2008">20944</sales>
				<sales month_name="August" year="2007">20987</sales>
				<percent_share time="Current">1.7</percent_share>
				<percent_share time="Year-Ago">1.4</percent_share>
				<dsr_percent_change>-0.2</dsr_percent_change>
			</timeline>
			<timeline type="CalendarYTD">
				<timespan start_month="January" end_month="August" year="2008">175010</timespan>
				<timespan start_month="January" end_month="August" year="2007">157814</timespan>
				<volume_percent_change>10.9</volume_percent_change>
			</timeline>
		</make>

	</region>
</light_vehicle_sales>
