"1","2010-03-18","12.129.193.235","154.11.98.18"
"2","2010-03-18","12.129.193.235","164.128.251.50"
"3","2010-03-18","12.129.193.235","196.25.9.46"
"4","2010-03-18","12.129.193.235","203.202.125.6"
"5","2010-03-18","12.129.193.235","212.241.174.1"
"6","2010-03-18","12.129.193.235","213.192.191.82"
"7","2010-03-18","12.129.193.235","213.200.64.94"
"8","2010-03-18","12.129.193.235","216.113.10.50"
"9","2010-03-18","12.129.193.235","216.18.63.214"
"10","2010-03-18","12.129.193.235","216.191.14.250"
"11","2010-03-18","12.129.193.235","62.48.45.129"
"12","2010-03-18","12.129.193.235","64.135.5.58"
"13","2010-03-18","12.129.193.235","66.162.47.58"
"14","2010-03-18","12.129.193.235","66.209.87.106"
"15","2010-03-18","12.129.193.235","69.31.111.255"
"16","2010-03-18","12.129.193.235","86.55.0.50"
"17","2010-03-18","164.128.251.50","12.129.193.235"
"18","2010-03-18","164.128.251.50","154.11.98.18"
"19","2010-03-18","164.128.251.50","196.25.9.46"
"20","2010-03-18","164.128.251.50","203.202.125.6"
"21","2010-03-18","164.128.251.50","212.241.174.1"
"22","2010-03-18","164.128.251.50","213.192.191.82"
"23","2010-03-18","164.128.251.50","213.200.64.94"
"24","2010-03-18","164.128.251.50","216.113.10.50"
"25","2010-03-18","164.128.251.50","216.18.63.214"
"26","2010-03-18","164.128.251.50","216.191.14.250"
"27","2010-03-18","164.128.251.50","62.48.45.129"
"28","2010-03-18","164.128.251.50","64.135.5.58"
"29","2010-03-18","164.128.251.50","66.162.47.58"
"30","2010-03-18","164.128.251.50","66.209.87.106"
"31","2010-03-18","164.128.251.50","69.31.111.255"
"32","2010-03-18","164.128.251.50","86.55.0.50"
"33","2010-03-18","196.25.9.46","12.129.193.235"
"34","2010-03-18","196.25.9.46","154.11.98.18"
"35","2010-03-18","196.25.9.46","164.128.251.50"
"36","2010-03-18","196.25.9.46","203.202.125.6"
"37","2010-03-18","196.25.9.46","212.241.174.1"
"38","2010-03-18","196.25.9.46","213.192.191.82"
"39","2010-03-18","196.25.9.46","213.200.64.94"
"40","2010-03-18","196.25.9.46","216.113.10.50"
"41","2010-03-18","196.25.9.46","216.18.63.214"
"42","2010-03-18","196.25.9.46","216.191.14.250"
"43","2010-03-18","196.25.9.46","62.48.45.129"
"44","2010-03-18","196.25.9.46","64.135.5.58"
"45","2010-03-18","196.25.9.46","66.162.47.58"
"46","2010-03-18","196.25.9.46","66.209.87.106"
"47","2010-03-18","196.25.9.46","69.31.111.255"
"48","2010-03-18","196.25.9.46","86.55.0.50"
"49","2010-03-18","203.202.125.6","12.129.193.235"
"50","2010-03-18","203.202.125.6","154.11.98.18"
"51","2010-03-18","203.202.125.6","164.128.251.50"
"52","2010-03-18","203.202.125.6","196.25.9.46"
"53","2010-03-18","203.202.125.6","212.241.174.1"
"54","2010-03-18","203.202.125.6","213.192.191.82"
"55","2010-03-18","203.202.125.6","213.200.64.94"
"56","2010-03-18","203.202.125.6","216.113.10.50"
"57","2010-03-18","203.202.125.6","216.18.63.214"
"58","2010-03-18","203.202.125.6","216.191.14.250"
"59","2010-03-18","203.202.125.6","62.48.45.129"
"60","2010-03-18","203.202.125.6","64.135.5.58"
"61","2010-03-18","203.202.125.6","66.162.47.58"
"62","2010-03-18","203.202.125.6","66.209.87.106"
"63","2010-03-18","203.202.125.6","69.31.111.255"
"64","2010-03-18","203.202.125.6","86.55.0.50"
"65","2010-03-18","212.241.174.1","12.129.193.235"
"66","2010-03-18","212.241.174.1","154.11.98.18"
"67","2010-03-18","212.241.174.1","164.128.251.50"
"68","2010-03-18","212.241.174.1","196.25.9.46"
"69","2010-03-18","212.241.174.1","203.202.125.6"
"70","2010-03-18","212.241.174.1","213.192.191.82"
"71","2010-03-18","212.241.174.1","213.200.64.94"
"72","2010-03-18","212.241.174.1","216.113.10.50"
"73","2010-03-18","212.241.174.1","216.18.63.214"
"74","2010-03-18","212.241.174.1","216.191.14.250"
"75","2010-03-18","212.241.174.1","62.48.45.129"
"76","2010-03-18","212.241.174.1","64.135.5.58"
"77","2010-03-18","212.241.174.1","66.162.47.58"
"78","2010-03-18","212.241.174.1","66.209.87.106"
"79","2010-03-18","212.241.174.1","69.31.111.255"
"80","2010-03-18","212.241.174.1","86.55.0.50"
"81","2010-03-18","213.192.191.82","12.129.193.235"
"82","2010-03-18","213.192.191.82","12.129.193.235"
"83","2010-03-18","213.192.191.82","154.11.98.18"
"84","2010-03-18","213.192.191.82","164.128.251.50"
"85","2010-03-18","213.192.191.82","196.25.9.46"
"86","2010-03-18","213.192.191.82","203.202.125.6"
"87","2010-03-18","213.192.191.82","212.241.174.1"
"88","2010-03-18","213.192.191.82","213.200.64.94"
"89","2010-03-18","213.192.191.82","216.113.10.50"
"90","2010-03-18","213.192.191.82","216.18.63.214"
"91","2010-03-18","213.192.191.82","216.191.14.250"
"92","2010-03-18","213.192.191.82","62.48.45.129"
"93","2010-03-18","213.192.191.82","64.135.5.58"
"94","2010-03-18","213.192.191.82","66.162.47.58"
"95","2010-03-18","213.192.191.82","66.209.87.106"
"96","2010-03-18","213.192.191.82","69.31.111.255"
"97","2010-03-18","213.192.191.82","86.55.0.50"
"98","2010-03-18","216.113.10.50","12.129.193.235"
"99","2010-03-18","216.113.10.50","154.11.98.18"
"100","2010-03-18","216.113.10.50","164.128.251.50"
"101","2010-03-18","216.113.10.50","196.25.9.46"
"102","2010-03-18","216.113.10.50","203.202.125.6"
"103","2010-03-18","216.113.10.50","212.241.174.1"
"104","2010-03-18","216.113.10.50","213.192.191.82"
"105","2010-03-18","216.113.10.50","213.200.64.94"
"106","2010-03-18","216.113.10.50","216.18.63.214"
"107","2010-03-18","216.113.10.50","216.191.14.250"
"108","2010-03-18","216.113.10.50","62.48.45.129"
"109","2010-03-18","216.113.10.50","64.135.5.58"
"110","2010-03-18","216.113.10.50","66.162.47.58"
"111","2010-03-18","216.113.10.50","66.209.87.106"
"112","2010-03-18","216.113.10.50","69.31.111.255"
"113","2010-03-18","216.113.10.50","86.55.0.50"
"114","2010-03-18","62.48.45.129","12.129.193.235"
"115","2010-03-18","62.48.45.129","154.11.98.18"
"116","2010-03-18","62.48.45.129","164.128.251.50"
"117","2010-03-18","62.48.45.129","196.25.9.46"
"118","2010-03-18","62.48.45.129","203.202.125.6"
"119","2010-03-18","62.48.45.129","212.241.174.1"
"120","2010-03-18","62.48.45.129","213.192.191.82"
"121","2010-03-18","62.48.45.129","213.200.64.94"
"122","2010-03-18","62.48.45.129","216.113.10.50"
"123","2010-03-18","62.48.45.129","216.18.63.214"
"124","2010-03-18","62.48.45.129","216.191.14.250"
"125","2010-03-18","62.48.45.129","64.135.5.58"
"126","2010-03-18","62.48.45.129","66.162.47.58"
"127","2010-03-18","62.48.45.129","66.209.87.106"
"128","2010-03-18","62.48.45.129","69.31.111.255"
"129","2010-03-18","62.48.45.129","86.55.0.50"
"130","2010-03-18","64.135.5.58","12.129.193.235"
"131","2010-03-18","64.135.5.58","154.11.98.18"
"132","2010-03-18","64.135.5.58","164.128.251.50"
"133","2010-03-18","64.135.5.58","196.25.9.46"
"134","2010-03-18","64.135.5.58","203.202.125.6"
"135","2010-03-18","64.135.5.58","212.241.174.1"
"136","2010-03-18","64.135.5.58","213.192.191.82"
"137","2010-03-18","64.135.5.58","213.200.64.94"
"138","2010-03-18","64.135.5.58","216.113.10.50"
"139","2010-03-18","64.135.5.58","216.18.63.214"
"140","2010-03-18","64.135.5.58","216.191.14.250"
"141","2010-03-18","64.135.5.58","62.48.45.129"
"142","2010-03-18","64.135.5.58","66.162.47.58"
"143","2010-03-18","64.135.5.58","66.209.87.106"
"144","2010-03-18","64.135.5.58","69.31.111.255"
"145","2010-03-18","64.135.5.58","86.55.0.50"
"146","2010-03-18","66.162.47.58","12.129.193.235"
"147","2010-03-18","66.162.47.58","154.11.98.18"
"148","2010-03-18","66.162.47.58","164.128.251.50"
"149","2010-03-18","66.162.47.58","196.25.9.46"
"150","2010-03-18","66.162.47.58","203.202.125.6"
"151","2010-03-18","66.162.47.58","212.241.174.1"
"152","2010-03-18","66.162.47.58","213.192.191.82"
"153","2010-03-18","66.162.47.58","213.200.64.94"
"154","2010-03-18","66.162.47.58","216.113.10.50"
"155","2010-03-18","66.162.47.58","216.18.63.214"
"156","2010-03-18","66.162.47.58","216.191.14.250"
"157","2010-03-18","66.162.47.58","62.48.45.129"
"158","2010-03-18","66.162.47.58","64.135.5.58"
"159","2010-03-18","66.162.47.58","66.209.87.106"
"160","2010-03-18","66.162.47.58","69.31.111.255"
"161","2010-03-18","66.162.47.58","86.55.0.50"
"162","2010-03-18","66.209.87.106","12.129.193.235"
"163","2010-03-18","66.209.87.106","154.11.98.18"
"164","2010-03-18","66.209.87.106","164.128.251.50"
"165","2010-03-18","66.209.87.106","196.25.9.46"
"166","2010-03-18","66.209.87.106","203.202.125.6"
"167","2010-03-18","66.209.87.106","212.241.174.1"
"168","2010-03-18","66.209.87.106","213.192.191.82"
"169","2010-03-18","66.209.87.106","213.200.64.94"
"170","2010-03-18","66.209.87.106","216.113.10.50"
"171","2010-03-18","66.209.87.106","216.18.63.214"
"172","2010-03-18","66.209.87.106","216.191.14.250"
"173","2010-03-18","66.209.87.106","62.48.45.129"
"174","2010-03-18","66.209.87.106","64.135.5.58"
"175","2010-03-18","66.209.87.106","66.162.47.58"
"176","2010-03-18","66.209.87.106","69.31.111.255"
"177","2010-03-18","66.209.87.106","86.55.0.50"
"178","2010-03-18","69.31.111.255","12.129.193.235"
"179","2010-03-18","69.31.111.255","154.11.98.18"
"180","2010-03-18","69.31.111.255","164.128.251.50"
"181","2010-03-18","69.31.111.255","196.25.9.46"
"182","2010-03-18","69.31.111.255","203.202.125.6"
"183","2010-03-18","69.31.111.255","212.241.174.1"
"184","2010-03-18","69.31.111.255","213.192.191.82"
"185","2010-03-18","69.31.111.255","213.200.64.94"
"186","2010-03-18","69.31.111.255","216.113.10.50"
"187","2010-03-18","69.31.111.255","216.18.63.214"
"188","2010-03-18","69.31.111.255","216.191.14.250"
"189","2010-03-18","69.31.111.255","62.48.45.129"
"190","2010-03-18","69.31.111.255","64.135.5.58"
"191","2010-03-18","69.31.111.255","66.162.47.58"
"192","2010-03-18","69.31.111.255","66.209.87.106"
"193","2010-03-18","69.31.111.255","86.55.0.50"
"194","2010-03-19","12.129.193.235","154.11.98.18"
"195","2010-03-19","12.129.193.235","164.128.251.50"
"196","2010-03-19","12.129.193.235","196.25.9.46"
"197","2010-03-19","12.129.193.235","203.202.125.6"
"198","2010-03-19","12.129.193.235","212.241.174.1"
"199","2010-03-19","12.129.193.235","213.192.191.82"
"200","2010-03-19","12.129.193.235","213.200.64.94"
"201","2010-03-19","12.129.193.235","216.113.10.50"
"202","2010-03-19","12.129.193.235","216.18.63.214"
"203","2010-03-19","12.129.193.235","216.191.14.250"
"204","2010-03-19","12.129.193.235","62.48.45.129"
"205","2010-03-19","12.129.193.235","64.135.5.58"
"206","2010-03-19","12.129.193.235","66.162.47.58"
"207","2010-03-19","12.129.193.235","66.209.87.106"
"208","2010-03-19","12.129.193.235","69.31.111.255"
"209","2010-03-19","12.129.193.235","86.55.0.50"
"210","2010-03-19","154.11.98.18","12.129.193.235"
"211","2010-03-19","154.11.98.18","154.11.98.18"
"212","2010-03-19","154.11.98.18","164.128.251.50"
"213","2010-03-19","154.11.98.18","196.25.9.46"
"214","2010-03-19","154.11.98.18","203.202.125.6"
"215","2010-03-19","154.11.98.18","212.241.174.1"
"216","2010-03-19","154.11.98.18","213.192.191.82"
"217","2010-03-19","154.11.98.18","213.200.64.94"
"218","2010-03-19","154.11.98.18","216.113.10.50"
"219","2010-03-19","154.11.98.18","216.18.63.214"
"220","2010-03-19","154.11.98.18","216.191.14.250"
"221","2010-03-19","154.11.98.18","62.48.45.129"
"222","2010-03-19","154.11.98.18","64.135.5.58"
"223","2010-03-19","154.11.98.18","66.162.47.58"
"224","2010-03-19","154.11.98.18","66.209.87.106"
"225","2010-03-19","154.11.98.18","69.31.111.255"
"226","2010-03-19","154.11.98.18","86.55.0.50"
"227","2010-03-19","164.128.251.50","12.129.193.235"
"228","2010-03-19","164.128.251.50","154.11.98.18"
"229","2010-03-19","164.128.251.50","196.25.9.46"
"230","2010-03-19","164.128.251.50","203.202.125.6"
"231","2010-03-19","164.128.251.50","212.241.174.1"
"232","2010-03-19","164.128.251.50","213.192.191.82"
"233","2010-03-19","164.128.251.50","213.200.64.94"
"234","2010-03-19","164.128.251.50","216.113.10.50"
"235","2010-03-19","164.128.251.50","216.18.63.214"
"236","2010-03-19","164.128.251.50","216.191.14.250"
"237","2010-03-19","164.128.251.50","62.48.45.129"
"238","2010-03-19","164.128.251.50","64.135.5.58"
"239","2010-03-19","164.128.251.50","66.162.47.58"
"240","2010-03-19","164.128.251.50","66.209.87.106"
"241","2010-03-19","164.128.251.50","69.31.111.255"
"242","2010-03-19","164.128.251.50","86.55.0.50"
"243","2010-03-19","196.25.9.46","12.129.193.235"
"244","2010-03-19","196.25.9.46","154.11.98.18"
"245","2010-03-19","196.25.9.46","164.128.251.50"
"246","2010-03-19","196.25.9.46","203.202.125.6"
"247","2010-03-19","196.25.9.46","212.241.174.1"
"248","2010-03-19","196.25.9.46","213.192.191.82"
"249","2010-03-19","196.25.9.46","213.200.64.94"
"250","2010-03-19","196.25.9.46","216.113.10.50"
"251","2010-03-19","196.25.9.46","216.18.63.214"
"252","2010-03-19","196.25.9.46","216.191.14.250"
"253","2010-03-19","196.25.9.46","62.48.45.129"
"254","2010-03-19","196.25.9.46","64.135.5.58"
"255","2010-03-19","196.25.9.46","66.162.47.58"
"256","2010-03-19","196.25.9.46","66.209.87.106"
"257","2010-03-19","196.25.9.46","69.31.111.255"
"258","2010-03-19","196.25.9.46","86.55.0.50"
"259","2010-03-19","203.202.125.6","12.129.193.235"
"260","2010-03-19","203.202.125.6","154.11.98.18"
"261","2010-03-19","203.202.125.6","164.128.251.50"
"262","2010-03-19","203.202.125.6","196.25.9.46"
"263","2010-03-19","203.202.125.6","212.241.174.1"
"264","2010-03-19","203.202.125.6","213.192.191.82"
"265","2010-03-19","203.202.125.6","213.200.64.94"
"266","2010-03-19","203.202.125.6","216.113.10.50"
"267","2010-03-19","203.202.125.6","216.18.63.214"
"268","2010-03-19","203.202.125.6","216.191.14.250"
"269","2010-03-19","203.202.125.6","62.48.45.129"
"270","2010-03-19","203.202.125.6","64.135.5.58"
"271","2010-03-19","203.202.125.6","66.162.47.58"
"272","2010-03-19","203.202.125.6","66.209.87.106"
"273","2010-03-19","203.202.125.6","69.31.111.255"
"274","2010-03-19","203.202.125.6","86.55.0.50"
"275","2010-03-19","212.241.174.1","12.129.193.235"
"276","2010-03-19","212.241.174.1","154.11.98.18"
"277","2010-03-19","212.241.174.1","164.128.251.50"
"278","2010-03-19","212.241.174.1","196.25.9.46"
"279","2010-03-19","212.241.174.1","203.202.125.6"
"280","2010-03-19","212.241.174.1","213.192.191.82"
"281","2010-03-19","212.241.174.1","213.200.64.94"
"282","2010-03-19","212.241.174.1","216.113.10.50"
"283","2010-03-19","212.241.174.1","216.18.63.214"
"284","2010-03-19","212.241.174.1","216.191.14.250"
"285","2010-03-19","212.241.174.1","62.48.45.129"
"286","2010-03-19","212.241.174.1","64.135.5.58"
"287","2010-03-19","212.241.174.1","66.162.47.58"
"288","2010-03-19","212.241.174.1","66.209.87.106"
"289","2010-03-19","212.241.174.1","69.31.111.255"
"290","2010-03-19","212.241.174.1","86.55.0.50"
"291","2010-03-19","213.192.191.82","12.129.193.235"
"292","2010-03-19","213.192.191.82","154.11.98.18"
"293","2010-03-19","213.192.191.82","164.128.251.50"
"294","2010-03-19","213.192.191.82","196.25.9.46"
"295","2010-03-19","213.192.191.82","203.202.125.6"
"296","2010-03-19","213.192.191.82","212.241.174.1"
"297","2010-03-19","213.192.191.82","213.200.64.94"
"298","2010-03-19","213.192.191.82","216.113.10.50"
"299","2010-03-19","213.192.191.82","216.18.63.214"
"300","2010-03-19","213.192.191.82","216.191.14.250"
"301","2010-03-19","213.192.191.82","62.48.45.129"
"302","2010-03-19","213.192.191.82","64.135.5.58"
"303","2010-03-19","213.192.191.82","66.162.47.58"
"304","2010-03-19","213.192.191.82","66.209.87.106"
"305","2010-03-19","213.192.191.82","69.31.111.255"
"306","2010-03-19","213.192.191.82","86.55.0.50"
"307","2010-03-19","213.200.64.94","12.129.193.235"
"308","2010-03-19","213.200.64.94","154.11.98.18"
"309","2010-03-19","213.200.64.94","164.128.251.50"
"310","2010-03-19","213.200.64.94","196.25.9.46"
"311","2010-03-19","213.200.64.94","203.202.125.6"
"312","2010-03-19","213.200.64.94","212.241.174.1"
"313","2010-03-19","213.200.64.94","216.113.10.50"
"314","2010-03-19","213.200.64.94","216.18.63.214"
"315","2010-03-19","213.200.64.94","216.191.14.250"
"316","2010-03-19","213.200.64.94","62.48.45.129"
"317","2010-03-19","213.200.64.94","64.135.5.58"
"318","2010-03-19","213.200.64.94","66.162.47.58"
"319","2010-03-19","213.200.64.94","66.209.87.106"
"320","2010-03-19","213.200.64.94","69.31.111.255"
"321","2010-03-19","213.200.64.94","86.55.0.50"
"322","2010-03-19","216.113.10.50","12.129.193.235"
"323","2010-03-19","216.113.10.50","12.129.193.235"
"324","2010-03-19","216.113.10.50","154.11.98.18"
"325","2010-03-19","216.113.10.50","164.128.251.50"
"326","2010-03-19","216.113.10.50","196.25.9.46"
"327","2010-03-19","216.113.10.50","212.241.174.1"
"328","2010-03-19","216.113.10.50","213.192.191.82"
"329","2010-03-19","216.113.10.50","213.200.64.94"
"330","2010-03-19","216.113.10.50","216.18.63.214"
"331","2010-03-19","216.113.10.50","216.191.14.250"
"332","2010-03-19","216.113.10.50","62.48.45.129"
"333","2010-03-19","216.113.10.50","64.135.5.58"
"334","2010-03-19","216.113.10.50","66.162.47.58"
"335","2010-03-19","216.113.10.50","66.209.87.106"
"336","2010-03-19","216.113.10.50","69.31.111.255"
"337","2010-03-19","216.113.10.50","86.55.0.50"
"338","2010-03-19","216.18.63.214","12.129.193.235"
"339","2010-03-19","216.18.63.214","154.11.98.18"
"340","2010-03-19","216.18.63.214","164.128.251.50"
"341","2010-03-19","216.18.63.214","196.25.9.46"
"342","2010-03-19","216.18.63.214","203.202.125.6"
"343","2010-03-19","216.18.63.214","212.241.174.1"
"344","2010-03-19","216.18.63.214","213.192.191.82"
"345","2010-03-19","216.18.63.214","213.200.64.94"
"346","2010-03-19","216.18.63.214","216.113.10.50"
"347","2010-03-19","216.18.63.214","216.191.14.250"
"348","2010-03-19","216.18.63.214","62.48.45.129"
"349","2010-03-19","216.18.63.214","64.135.5.58"
"350","2010-03-19","216.18.63.214","66.162.47.58"
"351","2010-03-19","216.18.63.214","66.209.87.106"
"352","2010-03-19","216.18.63.214","69.31.111.255"
"353","2010-03-19","216.18.63.214","86.55.0.50"
"354","2010-03-19","216.191.14.250","12.129.193.235"
"355","2010-03-19","216.191.14.250","154.11.98.18"
"356","2010-03-19","216.191.14.250","164.128.251.50"
"357","2010-03-19","216.191.14.250","196.25.9.46"
"358","2010-03-19","216.191.14.250","203.202.125.6"
"359","2010-03-19","216.191.14.250","212.241.174.1"
"360","2010-03-19","216.191.14.250","213.192.191.82"
"361","2010-03-19","216.191.14.250","213.200.64.94"
"362","2010-03-19","216.191.14.250","216.113.10.50"
"363","2010-03-19","216.191.14.250","216.18.63.214"
"364","2010-03-19","216.191.14.250","62.48.45.129"
"365","2010-03-19","216.191.14.250","64.135.5.58"
"366","2010-03-19","216.191.14.250","66.162.47.58"
"367","2010-03-19","216.191.14.250","66.209.87.106"
"368","2010-03-19","216.191.14.250","69.31.111.255"
"369","2010-03-19","216.191.14.250","86.55.0.50"
"370","2010-03-19","62.48.45.129","12.129.193.235"
"371","2010-03-19","62.48.45.129","154.11.98.18"
"372","2010-03-19","62.48.45.129","164.128.251.50"
"373","2010-03-19","62.48.45.129","196.25.9.46"
"374","2010-03-19","62.48.45.129","203.202.125.6"
"375","2010-03-19","62.48.45.129","212.241.174.1"
"376","2010-03-19","62.48.45.129","213.192.191.82"
"377","2010-03-19","62.48.45.129","213.200.64.94"
"378","2010-03-19","62.48.45.129","216.113.10.50"
"379","2010-03-19","62.48.45.129","216.18.63.214"
"380","2010-03-19","62.48.45.129","216.191.14.250"
"381","2010-03-19","62.48.45.129","64.135.5.58"
"382","2010-03-19","62.48.45.129","66.162.47.58"
"383","2010-03-19","62.48.45.129","66.209.87.106"
"384","2010-03-19","62.48.45.129","69.31.111.255"
"385","2010-03-19","62.48.45.129","86.55.0.50"
"386","2010-03-19","64.135.5.58","12.129.193.235"
"387","2010-03-19","64.135.5.58","154.11.98.18"
"388","2010-03-19","64.135.5.58","164.128.251.50"
"389","2010-03-19","64.135.5.58","196.25.9.46"
"390","2010-03-19","64.135.5.58","203.202.125.6"
"391","2010-03-19","64.135.5.58","212.241.174.1"
"392","2010-03-19","64.135.5.58","213.192.191.82"
"393","2010-03-19","64.135.5.58","213.200.64.94"
"394","2010-03-19","64.135.5.58","216.113.10.50"
"395","2010-03-19","64.135.5.58","216.18.63.214"
"396","2010-03-19","64.135.5.58","216.191.14.250"
"397","2010-03-19","64.135.5.58","62.48.45.129"
"398","2010-03-19","64.135.5.58","66.162.47.58"
"399","2010-03-19","64.135.5.58","66.209.87.106"
"400","2010-03-19","64.135.5.58","69.31.111.255"
"401","2010-03-19","64.135.5.58","86.55.0.50"
"402","2010-03-19","66.162.47.58","12.129.193.235"
"403","2010-03-19","66.162.47.58","154.11.98.18"
"404","2010-03-19","66.162.47.58","164.128.251.50"
"405","2010-03-19","66.162.47.58","196.25.9.46"
"406","2010-03-19","66.162.47.58","203.202.125.6"
"407","2010-03-19","66.162.47.58","212.241.174.1"
"408","2010-03-19","66.162.47.58","213.192.191.82"
"409","2010-03-19","66.162.47.58","213.200.64.94"
"410","2010-03-19","66.162.47.58","216.113.10.50"
"411","2010-03-19","66.162.47.58","216.18.63.214"
"412","2010-03-19","66.162.47.58","216.191.14.250"
"413","2010-03-19","66.162.47.58","62.48.45.129"
"414","2010-03-19","66.162.47.58","64.135.5.58"
"415","2010-03-19","66.162.47.58","66.209.87.106"
"416","2010-03-19","66.162.47.58","69.31.111.255"
"417","2010-03-19","66.162.47.58","86.55.0.50"
"418","2010-03-19","66.209.87.106","12.129.193.235"
"419","2010-03-19","66.209.87.106","154.11.98.18"
"420","2010-03-19","66.209.87.106","164.128.251.50"
"421","2010-03-19","66.209.87.106","196.25.9.46"
"422","2010-03-19","66.209.87.106","203.202.125.6"
"423","2010-03-19","66.209.87.106","212.241.174.1"
"424","2010-03-19","66.209.87.106","213.192.191.82"
"425","2010-03-19","66.209.87.106","213.200.64.94"
"426","2010-03-19","66.209.87.106","216.113.10.50"
"427","2010-03-19","66.209.87.106","216.18.63.214"
"428","2010-03-19","66.209.87.106","216.191.14.250"
"429","2010-03-19","66.209.87.106","62.48.45.129"
"430","2010-03-19","66.209.87.106","64.135.5.58"
"431","2010-03-19","66.209.87.106","66.162.47.58"
"432","2010-03-19","66.209.87.106","69.31.111.255"
"433","2010-03-19","66.209.87.106","86.55.0.50"
"434","2010-03-19","69.31.111.255","12.129.193.235"
"435","2010-03-19","69.31.111.255","154.11.98.18"
"436","2010-03-19","69.31.111.255","164.128.251.50"
"437","2010-03-19","69.31.111.255","196.25.9.46"
"438","2010-03-19","69.31.111.255","203.202.125.6"
"439","2010-03-19","69.31.111.255","212.241.174.1"
"440","2010-03-19","69.31.111.255","213.192.191.82"
"441","2010-03-19","69.31.111.255","213.200.64.94"
"442","2010-03-19","69.31.111.255","216.113.10.50"
"443","2010-03-19","69.31.111.255","216.18.63.214"
"444","2010-03-19","69.31.111.255","216.191.14.250"
"445","2010-03-19","69.31.111.255","62.48.45.129"
"446","2010-03-19","69.31.111.255","64.135.5.58"
"447","2010-03-19","69.31.111.255","66.162.47.58"
"448","2010-03-19","69.31.111.255","66.209.87.106"
"449","2010-03-19","69.31.111.255","86.55.0.50"
"450","2010-03-19","86.55.0.50","12.129.193.235"
"451","2010-03-19","86.55.0.50","154.11.98.18"
"452","2010-03-19","86.55.0.50","164.128.251.50"
"453","2010-03-19","86.55.0.50","196.25.9.46"
"454","2010-03-19","86.55.0.50","203.202.125.6"
"455","2010-03-19","86.55.0.50","212.241.174.1"
"456","2010-03-19","86.55.0.50","213.192.191.82"
"457","2010-03-19","86.55.0.50","213.200.64.94"
"458","2010-03-19","86.55.0.50","216.113.10.50"
"459","2010-03-19","86.55.0.50","216.18.63.214"
"460","2010-03-19","86.55.0.50","216.191.14.250"
"461","2010-03-19","86.55.0.50","62.48.45.129"
"462","2010-03-19","86.55.0.50","64.135.5.58"
"463","2010-03-19","86.55.0.50","66.162.47.58"
"464","2010-03-19","86.55.0.50","66.209.87.106"
"465","2010-03-19","86.55.0.50","69.31.111.255"
"466","2010-03-20","12.129.193.235","154.11.98.18"
"467","2010-03-20","12.129.193.235","164.128.251.50"
"468","2010-03-20","12.129.193.235","196.25.9.46"
"469","2010-03-20","12.129.193.235","203.202.125.6"
"470","2010-03-20","12.129.193.235","212.241.174.1"
"471","2010-03-20","12.129.193.235","213.192.191.82"
"472","2010-03-20","12.129.193.235","213.200.64.94"
"473","2010-03-20","12.129.193.235","216.113.10.50"
"474","2010-03-20","12.129.193.235","216.18.63.214"
"475","2010-03-20","12.129.193.235","216.191.14.250"
"476","2010-03-20","12.129.193.235","62.48.45.129"
"477","2010-03-20","12.129.193.235","64.135.5.58"
"478","2010-03-20","12.129.193.235","66.162.47.58"
"479","2010-03-20","12.129.193.235","66.209.87.106"
"480","2010-03-20","12.129.193.235","69.31.111.255"
"481","2010-03-20","12.129.193.235","86.55.0.50"
"482","2010-03-20","154.11.98.18","12.129.193.235"
"483","2010-03-20","154.11.98.18","164.128.251.50"
"484","2010-03-20","154.11.98.18","196.25.9.46"
"485","2010-03-20","154.11.98.18","203.202.125.6"
"486","2010-03-20","154.11.98.18","212.241.174.1"
"487","2010-03-20","154.11.98.18","213.192.191.82"
"488","2010-03-20","154.11.98.18","213.200.64.94"
"489","2010-03-20","154.11.98.18","216.113.10.50"
"490","2010-03-20","154.11.98.18","216.18.63.214"
"491","2010-03-20","154.11.98.18","216.191.14.250"
"492","2010-03-20","154.11.98.18","62.48.45.129"
"493","2010-03-20","154.11.98.18","64.135.5.58"
"494","2010-03-20","154.11.98.18","66.162.47.58"
"495","2010-03-20","154.11.98.18","66.209.87.106"
"496","2010-03-20","154.11.98.18","69.31.111.255"
"497","2010-03-20","154.11.98.18","86.55.0.50"
"498","2010-03-20","164.128.251.50","12.129.193.235"
"499","2010-03-20","164.128.251.50","154.11.98.18"
"500","2010-03-20","164.128.251.50","196.25.9.46"
"501","2010-03-20","164.128.251.50","203.202.125.6"
"502","2010-03-20","164.128.251.50","212.241.174.1"
"503","2010-03-20","164.128.251.50","213.192.191.82"
"504","2010-03-20","164.128.251.50","213.200.64.94"
"505","2010-03-20","164.128.251.50","216.113.10.50"
"506","2010-03-20","164.128.251.50","216.18.63.214"
"507","2010-03-20","164.128.251.50","216.191.14.250"
"508","2010-03-20","164.128.251.50","62.48.45.129"
"509","2010-03-20","164.128.251.50","64.135.5.58"
"510","2010-03-20","164.128.251.50","66.162.47.58"
"511","2010-03-20","164.128.251.50","66.209.87.106"
"512","2010-03-20","164.128.251.50","69.31.111.255"
"513","2010-03-20","164.128.251.50","86.55.0.50"
"514","2010-03-20","196.25.9.46","12.129.193.235"
"515","2010-03-20","196.25.9.46","154.11.98.18"
"516","2010-03-20","196.25.9.46","164.128.251.50"
"517","2010-03-20","196.25.9.46","203.202.125.6"
"518","2010-03-20","196.25.9.46","212.241.174.1"
"519","2010-03-20","196.25.9.46","213.192.191.82"
"520","2010-03-20","196.25.9.46","213.200.64.94"
"521","2010-03-20","196.25.9.46","216.113.10.50"
"522","2010-03-20","196.25.9.46","216.18.63.214"
"523","2010-03-20","196.25.9.46","216.191.14.250"
"524","2010-03-20","196.25.9.46","62.48.45.129"
"525","2010-03-20","196.25.9.46","64.135.5.58"
"526","2010-03-20","196.25.9.46","66.162.47.58"
"527","2010-03-20","196.25.9.46","66.209.87.106"
"528","2010-03-20","196.25.9.46","69.31.111.255"
"529","2010-03-20","196.25.9.46","86.55.0.50"
"530","2010-03-20","203.202.125.6","12.129.193.235"
"531","2010-03-20","203.202.125.6","154.11.98.18"
"532","2010-03-20","203.202.125.6","164.128.251.50"
"533","2010-03-20","203.202.125.6","196.25.9.46"
"534","2010-03-20","203.202.125.6","212.241.174.1"
"535","2010-03-20","203.202.125.6","213.192.191.82"
"536","2010-03-20","203.202.125.6","213.200.64.94"
"537","2010-03-20","203.202.125.6","216.113.10.50"
"538","2010-03-20","203.202.125.6","216.18.63.214"
"539","2010-03-20","203.202.125.6","216.191.14.250"
"540","2010-03-20","203.202.125.6","62.48.45.129"
"541","2010-03-20","203.202.125.6","64.135.5.58"
"542","2010-03-20","203.202.125.6","66.162.47.58"
"543","2010-03-20","203.202.125.6","66.209.87.106"
"544","2010-03-20","203.202.125.6","69.31.111.255"
"545","2010-03-20","203.202.125.6","86.55.0.50"
"546","2010-03-20","212.241.174.1","12.129.193.235"
"547","2010-03-20","212.241.174.1","154.11.98.18"
"548","2010-03-20","212.241.174.1","164.128.251.50"
"549","2010-03-20","212.241.174.1","196.25.9.46"
"550","2010-03-20","212.241.174.1","203.202.125.6"
"551","2010-03-20","212.241.174.1","213.192.191.82"
"552","2010-03-20","212.241.174.1","213.200.64.94"
"553","2010-03-20","212.241.174.1","216.113.10.50"
"554","2010-03-20","212.241.174.1","216.18.63.214"
"555","2010-03-20","212.241.174.1","216.191.14.250"
"556","2010-03-20","212.241.174.1","62.48.45.129"
"557","2010-03-20","212.241.174.1","64.135.5.58"
"558","2010-03-20","212.241.174.1","66.162.47.58"
"559","2010-03-20","212.241.174.1","66.209.87.106"
"560","2010-03-20","212.241.174.1","69.31.111.255"
"561","2010-03-20","212.241.174.1","86.55.0.50"
"562","2010-03-20","213.192.191.82","12.129.193.235"
"563","2010-03-20","213.192.191.82","154.11.98.18"
"564","2010-03-20","213.192.191.82","164.128.251.50"
"565","2010-03-20","213.192.191.82","196.25.9.46"
"566","2010-03-20","213.192.191.82","203.202.125.6"
"567","2010-03-20","213.192.191.82","212.241.174.1"
"568","2010-03-20","213.192.191.82","213.200.64.94"
"569","2010-03-20","213.192.191.82","216.113.10.50"
"570","2010-03-20","213.192.191.82","216.18.63.214"
"571","2010-03-20","213.192.191.82","216.191.14.250"
"572","2010-03-20","213.192.191.82","62.48.45.129"
"573","2010-03-20","213.192.191.82","64.135.5.58"
"574","2010-03-20","213.192.191.82","66.162.47.58"
"575","2010-03-20","213.192.191.82","66.209.87.106"
"576","2010-03-20","213.192.191.82","69.31.111.255"
"577","2010-03-20","213.192.191.82","86.55.0.50"
"578","2010-03-20","213.200.64.94","12.129.193.235"
"579","2010-03-20","213.200.64.94","154.11.98.18"
"580","2010-03-20","213.200.64.94","164.128.251.50"
"581","2010-03-20","213.200.64.94","196.25.9.46"
"582","2010-03-20","213.200.64.94","203.202.125.6"
"583","2010-03-20","213.200.64.94","212.241.174.1"
"584","2010-03-20","213.200.64.94","213.192.191.82"
"585","2010-03-20","213.200.64.94","216.113.10.50"
"586","2010-03-20","213.200.64.94","216.18.63.214"
"587","2010-03-20","213.200.64.94","216.191.14.250"
"588","2010-03-20","213.200.64.94","62.48.45.129"
"589","2010-03-20","213.200.64.94","64.135.5.58"
"590","2010-03-20","213.200.64.94","66.162.47.58"
"591","2010-03-20","213.200.64.94","66.209.87.106"
"592","2010-03-20","213.200.64.94","69.31.111.255"
"593","2010-03-20","213.200.64.94","86.55.0.50"
"594","2010-03-20","216.113.10.50","12.129.193.235"
"595","2010-03-20","216.113.10.50","154.11.98.18"
"596","2010-03-20","216.113.10.50","164.128.251.50"
"597","2010-03-20","216.113.10.50","196.25.9.46"
"598","2010-03-20","216.113.10.50","203.202.125.6"
"599","2010-03-20","216.113.10.50","212.241.174.1"
"600","2010-03-20","216.113.10.50","213.192.191.82"
"601","2010-03-20","216.113.10.50","213.200.64.94"
"602","2010-03-20","216.113.10.50","216.18.63.214"
"603","2010-03-20","216.113.10.50","216.191.14.250"
"604","2010-03-20","216.113.10.50","62.48.45.129"
"605","2010-03-20","216.113.10.50","64.135.5.58"
"606","2010-03-20","216.113.10.50","66.162.47.58"
"607","2010-03-20","216.113.10.50","66.209.87.106"
"608","2010-03-20","216.113.10.50","69.31.111.255"
"609","2010-03-20","216.113.10.50","86.55.0.50"
"610","2010-03-20","216.18.63.214","12.129.193.235"
"611","2010-03-20","216.18.63.214","154.11.98.18"
"612","2010-03-20","216.18.63.214","164.128.251.50"
"613","2010-03-20","216.18.63.214","196.25.9.46"
"614","2010-03-20","216.18.63.214","203.202.125.6"
"615","2010-03-20","216.18.63.214","212.241.174.1"
"616","2010-03-20","216.18.63.214","213.192.191.82"
"617","2010-03-20","216.18.63.214","213.200.64.94"
"618","2010-03-20","216.18.63.214","216.113.10.50"
"619","2010-03-20","216.18.63.214","216.191.14.250"
"620","2010-03-20","216.18.63.214","62.48.45.129"
"621","2010-03-20","216.18.63.214","64.135.5.58"
"622","2010-03-20","216.18.63.214","66.162.47.58"
"623","2010-03-20","216.18.63.214","66.209.87.106"
"624","2010-03-20","216.18.63.214","69.31.111.255"
"625","2010-03-20","216.18.63.214","86.55.0.50"
"626","2010-03-20","216.191.14.250","12.129.193.235"
"627","2010-03-20","216.191.14.250","154.11.98.18"
"628","2010-03-20","216.191.14.250","164.128.251.50"
"629","2010-03-20","216.191.14.250","196.25.9.46"
"630","2010-03-20","216.191.14.250","203.202.125.6"
"631","2010-03-20","216.191.14.250","212.241.174.1"
"632","2010-03-20","216.191.14.250","213.192.191.82"
"633","2010-03-20","216.191.14.250","213.200.64.94"
"634","2010-03-20","216.191.14.250","216.113.10.50"
"635","2010-03-20","216.191.14.250","216.18.63.214"
"636","2010-03-20","216.191.14.250","62.48.45.129"
"637","2010-03-20","216.191.14.250","64.135.5.58"
"638","2010-03-20","216.191.14.250","66.162.47.58"
"639","2010-03-20","216.191.14.250","66.209.87.106"
"640","2010-03-20","216.191.14.250","69.31.111.255"
"641","2010-03-20","216.191.14.250","86.55.0.50"
"642","2010-03-20","62.48.45.129","12.129.193.235"
"643","2010-03-20","62.48.45.129","154.11.98.18"
"644","2010-03-20","62.48.45.129","164.128.251.50"
"645","2010-03-20","62.48.45.129","196.25.9.46"
"646","2010-03-20","62.48.45.129","203.202.125.6"
"647","2010-03-20","62.48.45.129","212.241.174.1"
"648","2010-03-20","62.48.45.129","213.192.191.82"
"649","2010-03-20","62.48.45.129","213.200.64.94"
"650","2010-03-20","62.48.45.129","216.113.10.50"
"651","2010-03-20","62.48.45.129","216.18.63.214"
"652","2010-03-20","62.48.45.129","216.191.14.250"
"653","2010-03-20","62.48.45.129","64.135.5.58"
"654","2010-03-20","62.48.45.129","66.162.47.58"
"655","2010-03-20","62.48.45.129","66.209.87.106"
"656","2010-03-20","62.48.45.129","69.31.111.255"
"657","2010-03-20","62.48.45.129","86.55.0.50"
"658","2010-03-20","64.135.5.58","12.129.193.235"
"659","2010-03-20","64.135.5.58","154.11.98.18"
"660","2010-03-20","64.135.5.58","164.128.251.50"
"661","2010-03-20","64.135.5.58","196.25.9.46"
"662","2010-03-20","64.135.5.58","203.202.125.6"
"663","2010-03-20","64.135.5.58","212.241.174.1"
"664","2010-03-20","64.135.5.58","213.192.191.82"
"665","2010-03-20","64.135.5.58","213.200.64.94"
"666","2010-03-20","64.135.5.58","216.113.10.50"
"667","2010-03-20","64.135.5.58","216.18.63.214"
"668","2010-03-20","64.135.5.58","216.191.14.250"
"669","2010-03-20","64.135.5.58","62.48.45.129"
"670","2010-03-20","64.135.5.58","66.162.47.58"
"671","2010-03-20","64.135.5.58","66.209.87.106"
"672","2010-03-20","64.135.5.58","69.31.111.255"
"673","2010-03-20","64.135.5.58","86.55.0.50"
"674","2010-03-20","66.162.47.58","12.129.193.235"
"675","2010-03-20","66.162.47.58","154.11.98.18"
"676","2010-03-20","66.162.47.58","164.128.251.50"
"677","2010-03-20","66.162.47.58","196.25.9.46"
"678","2010-03-20","66.162.47.58","203.202.125.6"
"679","2010-03-20","66.162.47.58","212.241.174.1"
"680","2010-03-20","66.162.47.58","213.192.191.82"
"681","2010-03-20","66.162.47.58","213.200.64.94"
"682","2010-03-20","66.162.47.58","216.113.10.50"
"683","2010-03-20","66.162.47.58","216.18.63.214"
"684","2010-03-20","66.162.47.58","216.191.14.250"
"685","2010-03-20","66.162.47.58","62.48.45.129"
"686","2010-03-20","66.162.47.58","64.135.5.58"
"687","2010-03-20","66.162.47.58","66.209.87.106"
"688","2010-03-20","66.162.47.58","69.31.111.255"
"689","2010-03-20","66.162.47.58","86.55.0.50"
"690","2010-03-20","66.209.87.106","12.129.193.235"
"691","2010-03-20","66.209.87.106","154.11.98.18"
"692","2010-03-20","66.209.87.106","164.128.251.50"
"693","2010-03-20","66.209.87.106","196.25.9.46"
"694","2010-03-20","66.209.87.106","203.202.125.6"
"695","2010-03-20","66.209.87.106","212.241.174.1"
"696","2010-03-20","66.209.87.106","213.192.191.82"
"697","2010-03-20","66.209.87.106","213.200.64.94"
"698","2010-03-20","66.209.87.106","216.113.10.50"
"699","2010-03-20","66.209.87.106","216.18.63.214"
"700","2010-03-20","66.209.87.106","216.191.14.250"
"701","2010-03-20","66.209.87.106","62.48.45.129"
"702","2010-03-20","66.209.87.106","64.135.5.58"
"703","2010-03-20","66.209.87.106","66.162.47.58"
"704","2010-03-20","66.209.87.106","69.31.111.255"
"705","2010-03-20","66.209.87.106","86.55.0.50"
"706","2010-03-20","69.31.111.255","12.129.193.235"
"707","2010-03-20","69.31.111.255","154.11.98.18"
"708","2010-03-20","69.31.111.255","164.128.251.50"
"709","2010-03-20","69.31.111.255","196.25.9.46"
"710","2010-03-20","69.31.111.255","203.202.125.6"
"711","2010-03-20","69.31.111.255","212.241.174.1"
"712","2010-03-20","69.31.111.255","213.192.191.82"
"713","2010-03-20","69.31.111.255","213.200.64.94"
"714","2010-03-20","69.31.111.255","216.113.10.50"
"715","2010-03-20","69.31.111.255","216.18.63.214"
"716","2010-03-20","69.31.111.255","216.191.14.250"
"717","2010-03-20","69.31.111.255","62.48.45.129"
"718","2010-03-20","69.31.111.255","64.135.5.58"
"719","2010-03-20","69.31.111.255","66.162.47.58"
"720","2010-03-20","69.31.111.255","66.209.87.106"
"721","2010-03-20","69.31.111.255","86.55.0.50"
"722","2010-03-20","86.55.0.50","12.129.193.235"
"723","2010-03-20","86.55.0.50","154.11.98.18"
"724","2010-03-20","86.55.0.50","164.128.251.50"
"725","2010-03-20","86.55.0.50","196.25.9.46"
"726","2010-03-20","86.55.0.50","203.202.125.6"
"727","2010-03-20","86.55.0.50","212.241.174.1"
"728","2010-03-20","86.55.0.50","213.192.191.82"
"729","2010-03-20","86.55.0.50","213.200.64.94"
"730","2010-03-20","86.55.0.50","216.113.10.50"
"731","2010-03-20","86.55.0.50","216.18.63.214"
"732","2010-03-20","86.55.0.50","216.191.14.250"
"733","2010-03-20","86.55.0.50","62.48.45.129"
"734","2010-03-20","86.55.0.50","64.135.5.58"
"735","2010-03-20","86.55.0.50","66.162.47.58"
"736","2010-03-20","86.55.0.50","66.209.87.106"
"737","2010-03-20","86.55.0.50","69.31.111.255"
"738","2010-03-21","12.129.193.235","154.11.98.18"
"739","2010-03-21","12.129.193.235","164.128.251.50"
"740","2010-03-21","12.129.193.235","196.25.9.46"
"741","2010-03-21","12.129.193.235","203.202.125.6"
"742","2010-03-21","12.129.193.235","212.241.174.1"
"743","2010-03-21","12.129.193.235","213.192.191.82"
"744","2010-03-21","12.129.193.235","213.200.64.94"
"745","2010-03-21","12.129.193.235","216.113.10.50"
"746","2010-03-21","12.129.193.235","216.18.63.214"
"747","2010-03-21","12.129.193.235","216.191.14.250"
"748","2010-03-21","12.129.193.235","62.48.45.129"
"749","2010-03-21","12.129.193.235","64.135.5.58"
"750","2010-03-21","12.129.193.235","66.162.47.58"
"751","2010-03-21","12.129.193.235","66.209.87.106"
"752","2010-03-21","12.129.193.235","69.31.111.255"
"753","2010-03-21","12.129.193.235","86.55.0.50"
"754","2010-03-21","154.11.98.18","12.129.193.235"
"755","2010-03-21","154.11.98.18","164.128.251.50"
"756","2010-03-21","154.11.98.18","196.25.9.46"
"757","2010-03-21","154.11.98.18","203.202.125.6"
"758","2010-03-21","154.11.98.18","212.241.174.1"
"759","2010-03-21","154.11.98.18","213.192.191.82"
"760","2010-03-21","154.11.98.18","213.200.64.94"
"761","2010-03-21","154.11.98.18","216.113.10.50"
"762","2010-03-21","154.11.98.18","216.18.63.214"
"763","2010-03-21","154.11.98.18","216.191.14.250"
"764","2010-03-21","154.11.98.18","62.48.45.129"
"765","2010-03-21","154.11.98.18","64.135.5.58"
"766","2010-03-21","154.11.98.18","66.162.47.58"
"767","2010-03-21","154.11.98.18","66.209.87.106"
"768","2010-03-21","154.11.98.18","69.31.111.255"
"769","2010-03-21","154.11.98.18","86.55.0.50"
"770","2010-03-21","164.128.251.50","12.129.193.235"
"771","2010-03-21","164.128.251.50","154.11.98.18"
"772","2010-03-21","164.128.251.50","196.25.9.46"
"773","2010-03-21","164.128.251.50","203.202.125.6"
"774","2010-03-21","164.128.251.50","212.241.174.1"
"775","2010-03-21","164.128.251.50","213.192.191.82"
"776","2010-03-21","164.128.251.50","213.200.64.94"
"777","2010-03-21","164.128.251.50","216.113.10.50"
"778","2010-03-21","164.128.251.50","216.18.63.214"
"779","2010-03-21","164.128.251.50","216.191.14.250"
"780","2010-03-21","164.128.251.50","62.48.45.129"
"781","2010-03-21","164.128.251.50","64.135.5.58"
"782","2010-03-21","164.128.251.50","66.162.47.58"
"783","2010-03-21","164.128.251.50","66.209.87.106"
"784","2010-03-21","164.128.251.50","69.31.111.255"
"785","2010-03-21","164.128.251.50","86.55.0.50"
"786","2010-03-21","196.25.9.46","12.129.193.235"
"787","2010-03-21","196.25.9.46","154.11.98.18"
"788","2010-03-21","196.25.9.46","164.128.251.50"
"789","2010-03-21","196.25.9.46","203.202.125.6"
"790","2010-03-21","196.25.9.46","212.241.174.1"
"791","2010-03-21","196.25.9.46","213.192.191.82"
"792","2010-03-21","196.25.9.46","213.200.64.94"
"793","2010-03-21","196.25.9.46","216.113.10.50"
"794","2010-03-21","196.25.9.46","216.18.63.214"
"795","2010-03-21","196.25.9.46","216.191.14.250"
"796","2010-03-21","196.25.9.46","62.48.45.129"
"797","2010-03-21","196.25.9.46","64.135.5.58"
"798","2010-03-21","196.25.9.46","66.162.47.58"
"799","2010-03-21","196.25.9.46","66.209.87.106"
"800","2010-03-21","196.25.9.46","69.31.111.255"
"801","2010-03-21","196.25.9.46","86.55.0.50"
"802","2010-03-21","203.202.125.6","12.129.193.235"
"803","2010-03-21","203.202.125.6","154.11.98.18"
"804","2010-03-21","203.202.125.6","164.128.251.50"
"805","2010-03-21","203.202.125.6","196.25.9.46"
"806","2010-03-21","203.202.125.6","212.241.174.1"
"807","2010-03-21","203.202.125.6","213.192.191.82"
"808","2010-03-21","203.202.125.6","213.200.64.94"
"809","2010-03-21","203.202.125.6","216.113.10.50"
"810","2010-03-21","203.202.125.6","216.18.63.214"
"811","2010-03-21","203.202.125.6","216.191.14.250"
"812","2010-03-21","203.202.125.6","62.48.45.129"
"813","2010-03-21","203.202.125.6","64.135.5.58"
"814","2010-03-21","203.202.125.6","66.162.47.58"
"815","2010-03-21","203.202.125.6","66.209.87.106"
"816","2010-03-21","203.202.125.6","69.31.111.255"
"817","2010-03-21","203.202.125.6","86.55.0.50"
"818","2010-03-21","212.241.174.1","12.129.193.235"
"819","2010-03-21","212.241.174.1","154.11.98.18"
"820","2010-03-21","212.241.174.1","164.128.251.50"
"821","2010-03-21","212.241.174.1","196.25.9.46"
"822","2010-03-21","212.241.174.1","203.202.125.6"
"823","2010-03-21","212.241.174.1","213.192.191.82"
"824","2010-03-21","212.241.174.1","213.200.64.94"
"825","2010-03-21","212.241.174.1","216.113.10.50"
"826","2010-03-21","212.241.174.1","216.18.63.214"
"827","2010-03-21","212.241.174.1","216.191.14.250"
"828","2010-03-21","212.241.174.1","62.48.45.129"
"829","2010-03-21","212.241.174.1","64.135.5.58"
"830","2010-03-21","212.241.174.1","66.162.47.58"
"831","2010-03-21","212.241.174.1","66.209.87.106"
"832","2010-03-21","212.241.174.1","69.31.111.255"
"833","2010-03-21","212.241.174.1","86.55.0.50"
"834","2010-03-21","213.192.191.82","12.129.193.235"
"835","2010-03-21","213.192.191.82","154.11.98.18"
"836","2010-03-21","213.192.191.82","164.128.251.50"
"837","2010-03-21","213.192.191.82","196.25.9.46"
"838","2010-03-21","213.192.191.82","203.202.125.6"
"839","2010-03-21","213.192.191.82","212.241.174.1"
"840","2010-03-21","213.192.191.82","213.200.64.94"
"841","2010-03-21","213.192.191.82","216.113.10.50"
"842","2010-03-21","213.192.191.82","216.18.63.214"
"843","2010-03-21","213.192.191.82","216.191.14.250"
"844","2010-03-21","213.192.191.82","62.48.45.129"
"845","2010-03-21","213.192.191.82","64.135.5.58"
"846","2010-03-21","213.192.191.82","66.162.47.58"
"847","2010-03-21","213.192.191.82","66.209.87.106"
"848","2010-03-21","213.192.191.82","69.31.111.255"
"849","2010-03-21","213.192.191.82","86.55.0.50"
"850","2010-03-21","213.200.64.94","12.129.193.235"
"851","2010-03-21","213.200.64.94","154.11.98.18"
"852","2010-03-21","213.200.64.94","164.128.251.50"
"853","2010-03-21","213.200.64.94","196.25.9.46"
"854","2010-03-21","213.200.64.94","203.202.125.6"
"855","2010-03-21","213.200.64.94","212.241.174.1"
"856","2010-03-21","213.200.64.94","213.192.191.82"
"857","2010-03-21","213.200.64.94","216.113.10.50"
"858","2010-03-21","213.200.64.94","216.18.63.214"
"859","2010-03-21","213.200.64.94","216.191.14.250"
"860","2010-03-21","213.200.64.94","62.48.45.129"
"861","2010-03-21","213.200.64.94","64.135.5.58"
"862","2010-03-21","213.200.64.94","66.162.47.58"
"863","2010-03-21","213.200.64.94","66.209.87.106"
"864","2010-03-21","213.200.64.94","69.31.111.255"
"865","2010-03-21","213.200.64.94","86.55.0.50"
"866","2010-03-21","216.113.10.50","12.129.193.235"
"867","2010-03-21","216.113.10.50","154.11.98.18"
"868","2010-03-21","216.113.10.50","164.128.251.50"
"869","2010-03-21","216.113.10.50","196.25.9.46"
"870","2010-03-21","216.113.10.50","203.202.125.6"
"871","2010-03-21","216.113.10.50","212.241.174.1"
"872","2010-03-21","216.113.10.50","213.192.191.82"
"873","2010-03-21","216.113.10.50","213.200.64.94"
"874","2010-03-21","216.113.10.50","216.18.63.214"
"875","2010-03-21","216.113.10.50","216.191.14.250"
"876","2010-03-21","216.113.10.50","62.48.45.129"
"877","2010-03-21","216.113.10.50","64.135.5.58"
"878","2010-03-21","216.113.10.50","66.162.47.58"
"879","2010-03-21","216.113.10.50","66.209.87.106"
"880","2010-03-21","216.113.10.50","69.31.111.255"
"881","2010-03-21","216.113.10.50","86.55.0.50"
"882","2010-03-21","216.18.63.214","12.129.193.235"
"883","2010-03-21","216.18.63.214","154.11.98.18"
"884","2010-03-21","216.18.63.214","164.128.251.50"
"885","2010-03-21","216.18.63.214","196.25.9.46"
"886","2010-03-21","216.18.63.214","203.202.125.6"
"887","2010-03-21","216.18.63.214","212.241.174.1"
"888","2010-03-21","216.18.63.214","213.192.191.82"
"889","2010-03-21","216.18.63.214","213.200.64.94"
"890","2010-03-21","216.18.63.214","216.113.10.50"
"891","2010-03-21","216.18.63.214","216.191.14.250"
"892","2010-03-21","216.18.63.214","62.48.45.129"
"893","2010-03-21","216.18.63.214","64.135.5.58"
"894","2010-03-21","216.18.63.214","66.162.47.58"
"895","2010-03-21","216.18.63.214","66.209.87.106"
"896","2010-03-21","216.18.63.214","69.31.111.255"
"897","2010-03-21","216.18.63.214","86.55.0.50"
"898","2010-03-21","216.191.14.250","12.129.193.235"
"899","2010-03-21","216.191.14.250","154.11.98.18"
"900","2010-03-21","216.191.14.250","164.128.251.50"
"901","2010-03-21","216.191.14.250","196.25.9.46"
"902","2010-03-21","216.191.14.250","203.202.125.6"
"903","2010-03-21","216.191.14.250","212.241.174.1"
"904","2010-03-21","216.191.14.250","213.192.191.82"
"905","2010-03-21","216.191.14.250","213.200.64.94"
"906","2010-03-21","216.191.14.250","216.113.10.50"
"907","2010-03-21","216.191.14.250","216.18.63.214"
"908","2010-03-21","216.191.14.250","62.48.45.129"
"909","2010-03-21","216.191.14.250","64.135.5.58"
"910","2010-03-21","216.191.14.250","66.162.47.58"
"911","2010-03-21","216.191.14.250","66.209.87.106"
"912","2010-03-21","216.191.14.250","69.31.111.255"
"913","2010-03-21","216.191.14.250","86.55.0.50"
"914","2010-03-21","62.48.45.129","12.129.193.235"
"915","2010-03-21","62.48.45.129","154.11.98.18"
"916","2010-03-21","62.48.45.129","164.128.251.50"
"917","2010-03-21","62.48.45.129","196.25.9.46"
"918","2010-03-21","62.48.45.129","203.202.125.6"
"919","2010-03-21","62.48.45.129","212.241.174.1"
"920","2010-03-21","62.48.45.129","213.192.191.82"
"921","2010-03-21","62.48.45.129","213.200.64.94"
"922","2010-03-21","62.48.45.129","216.113.10.50"
"923","2010-03-21","62.48.45.129","216.18.63.214"
"924","2010-03-21","62.48.45.129","216.191.14.250"
"925","2010-03-21","62.48.45.129","64.135.5.58"
"926","2010-03-21","62.48.45.129","66.162.47.58"
"927","2010-03-21","62.48.45.129","66.209.87.106"
"928","2010-03-21","62.48.45.129","69.31.111.255"
"929","2010-03-21","62.48.45.129","86.55.0.50"
"930","2010-03-21","64.135.5.58","12.129.193.235"
"931","2010-03-21","64.135.5.58","154.11.98.18"
"932","2010-03-21","64.135.5.58","164.128.251.50"
"933","2010-03-21","64.135.5.58","196.25.9.46"
"934","2010-03-21","64.135.5.58","203.202.125.6"
"935","2010-03-21","64.135.5.58","212.241.174.1"
"936","2010-03-21","64.135.5.58","213.192.191.82"
"937","2010-03-21","64.135.5.58","213.200.64.94"
"938","2010-03-21","64.135.5.58","216.113.10.50"
"939","2010-03-21","64.135.5.58","216.18.63.214"
"940","2010-03-21","64.135.5.58","216.191.14.250"
"941","2010-03-21","64.135.5.58","62.48.45.129"
"942","2010-03-21","64.135.5.58","66.162.47.58"
"943","2010-03-21","64.135.5.58","66.209.87.106"
"944","2010-03-21","64.135.5.58","69.31.111.255"
"945","2010-03-21","64.135.5.58","86.55.0.50"
"946","2010-03-21","66.162.47.58","12.129.193.235"
"947","2010-03-21","66.162.47.58","154.11.98.18"
"948","2010-03-21","66.162.47.58","164.128.251.50"
"949","2010-03-21","66.162.47.58","196.25.9.46"
"950","2010-03-21","66.162.47.58","203.202.125.6"
"951","2010-03-21","66.162.47.58","212.241.174.1"
"952","2010-03-21","66.162.47.58","213.192.191.82"
"953","2010-03-21","66.162.47.58","213.200.64.94"
"954","2010-03-21","66.162.47.58","216.113.10.50"
"955","2010-03-21","66.162.47.58","216.18.63.214"
"956","2010-03-21","66.162.47.58","216.191.14.250"
"957","2010-03-21","66.162.47.58","62.48.45.129"
"958","2010-03-21","66.162.47.58","64.135.5.58"
"959","2010-03-21","66.162.47.58","66.209.87.106"
"960","2010-03-21","66.162.47.58","69.31.111.255"
"961","2010-03-21","66.162.47.58","86.55.0.50"
"962","2010-03-21","66.209.87.106","12.129.193.235"
"963","2010-03-21","66.209.87.106","154.11.98.18"
"964","2010-03-21","66.209.87.106","164.128.251.50"
"965","2010-03-21","66.209.87.106","196.25.9.46"
"966","2010-03-21","66.209.87.106","203.202.125.6"
"967","2010-03-21","66.209.87.106","212.241.174.1"
"968","2010-03-21","66.209.87.106","213.192.191.82"
"969","2010-03-21","66.209.87.106","213.200.64.94"
"970","2010-03-21","66.209.87.106","216.113.10.50"
"971","2010-03-21","66.209.87.106","216.18.63.214"
"972","2010-03-21","66.209.87.106","216.191.14.250"
"973","2010-03-21","66.209.87.106","62.48.45.129"
"974","2010-03-21","66.209.87.106","64.135.5.58"
"975","2010-03-21","66.209.87.106","66.162.47.58"
"976","2010-03-21","66.209.87.106","69.31.111.255"
"977","2010-03-21","66.209.87.106","86.55.0.50"
"978","2010-03-21","69.31.111.255","12.129.193.235"
"979","2010-03-21","69.31.111.255","154.11.98.18"
"980","2010-03-21","69.31.111.255","164.128.251.50"
"981","2010-03-21","69.31.111.255","196.25.9.46"
"982","2010-03-21","69.31.111.255","203.202.125.6"
"983","2010-03-21","69.31.111.255","212.241.174.1"
"984","2010-03-21","69.31.111.255","213.200.64.94"
"985","2010-03-21","69.31.111.255","216.113.10.50"
"986","2010-03-21","69.31.111.255","216.18.63.214"
"987","2010-03-21","69.31.111.255","216.191.14.250"
"988","2010-03-21","69.31.111.255","62.48.45.129"
"989","2010-03-21","69.31.111.255","64.135.5.58"
"990","2010-03-21","69.31.111.255","66.162.47.58"
"991","2010-03-21","69.31.111.255","66.209.87.106"
"992","2010-03-21","69.31.111.255","86.55.0.50"
"993","2010-03-21","86.55.0.50","12.129.193.235"
"994","2010-03-21","86.55.0.50","154.11.98.18"
"995","2010-03-21","86.55.0.50","164.128.251.50"
"996","2010-03-21","86.55.0.50","196.25.9.46"
"997","2010-03-21","86.55.0.50","203.202.125.6"
"998","2010-03-21","86.55.0.50","212.241.174.1"
"999","2010-03-21","86.55.0.50","213.192.191.82"
"1000","2010-03-21","86.55.0.50","213.200.64.94"
"1001","2010-03-21","86.55.0.50","216.113.10.50"
"1002","2010-03-21","86.55.0.50","216.18.63.214"
"1003","2010-03-21","86.55.0.50","216.191.14.250"
"1004","2010-03-21","86.55.0.50","62.48.45.129"
"1005","2010-03-21","86.55.0.50","64.135.5.58"
"1006","2010-03-21","86.55.0.50","66.162.47.58"
"1007","2010-03-21","86.55.0.50","66.209.87.106"
"1008","2010-03-21","86.55.0.50","69.31.111.255"
