<?xml version="1.0" encoding="UTF-8"?>
<project-private xmlns="http://www.netbeans.org/ns/project-private/1">
    <editor-bookmarks xmlns="http://www.netbeans.org/ns/editor-bookmarks/1"/>
    <open-files xmlns="http://www.netbeans.org/ns/projectui-open-files/1">
        <file>file:/export/home/jim/Documents/COMP4711%20XML/labs/Lab6Solution/src/Main.java</file>
        <file>file:/export/home/jim/Documents/COMP4711%20XML/labs/Lab6Solution/src/Show.java</file>
        <file>file:/export/home/jim/Documents/COMP4711%20XML/labs/Lab6Solution/src/SuperHandler.java</file>
        <file>file:/export/home/jim/Documents/COMP4711%20XML/labs/Lab6Solution/src/WhenHandler.java</file>
        <file>file:/export/home/jim/Documents/COMP4711%20XML/labs/Lab6Solution/src/WhereHandler.java</file>
        <file>file:/export/home/jim/Documents/COMP4711%20XML/labs/Lab6Solution/src/WhoHandler.java</file>
    </open-files>
</project-private>
