<?xml version="1.0" encoding="utf-8"?>
<!DOCTYPE dotfuscatorMap SYSTEM "http://www.preemptive.com/dotfuscator/dtd/dotfuscatorMap_v1.1.dtd">
<dotfuscatorMap version="1.1">
    <header>
        <timestamp>2006-04-16T10:15:40</timestamp>
        <product version="3.0.2005.16132" user="Craig Silver" serial="30201-391">Dotfuscator(tm) Community Edition</product>
    </header>
    <mapping>
        <module>
            <name>Solution.exe</name>
            <type>
                <name>a</name>
                <newname>k</newname>
                <methodlist>
                    <method>
                        <signature>void()</signature>
                        <name>.ctor</name>
                    </method>
                    <method>
                        <signature>void(System.Collections.ArrayList)</signature>
                        <name>.ctor</name>
                    </method>
                    <method>
                        <signature>int32()</signature>
                        <name>a</name>
                    </method>
                    <method>
                        <signature>void(int32)</signature>
                        <name>a</name>
                    </method>
                    <method>
                        <signature>void(r)</signature>
                        <name>a</name>
                    </method>
                    <method>
                        <signature>r(int32)</signature>
                        <name>b</name>
                    </method>
                    <method>
                        <signature>void(r)</signature>
                        <name>b</name>
                    </method>
                </methodlist>
                <fieldlist>
                    <field>
                        <signature>System.Collections.ArrayList</signature>
                        <name>a</name>
                    </field>
                </fieldlist>
            </type>
            <type>
                <name>b</name>
                <newname>p</newname>
                <methodlist>
                    <method>
                        <signature>void(m, k)</signature>
                        <name>.ctor</name>
                    </method>
                </methodlist>
                <fieldlist />
            </type>
            <type>
                <name>c</name>
                <newname>a</newname>
                <methodlist>
                    <method>
                        <signature>void()</signature>
                        <name>.ctor</name>
                    </method>
                    <method>
                        <signature>void()</signature>
                        <name>a</name>
                    </method>
                    <method>
                        <signature>void()</signature>
                        <name>b</name>
                    </method>
                </methodlist>
                <fieldlist />
            </type>
            <type>
                <name>d</name>
                <newname>g</newname>
                <methodlist>
                    <method>
                        <signature>void()</signature>
                        <name>.cctor</name>
                    </method>
                    <method>
                        <signature>void()</signature>
                        <name>.ctor</name>
                    </method>
                    <method>
                        <signature>void()</signature>
                        <name>a</name>
                    </method>
                    <method>
                        <signature>int32(int32, unsigned int8, int32, d/c, int32&amp;)</signature>
                        <name>FillConsoleOutputCharacter</name>
                    </method>
                    <method>
                        <signature>int32(int32, d/a&amp;)</signature>
                        <name>GetConsoleScreenBufferInfo</name>
                    </method>
                    <method>
                        <signature>int32(int32)</signature>
                        <name>GetStdHandle</name>
                    </method>
                    <method>
                        <signature>int32(int32, d/c)</signature>
                        <name>SetConsoleCursorPosition</name>
                    </method>
                </methodlist>
                <fieldlist>
                    <field>
                        <signature>int32</signature>
                        <name>a</name>
                    </field>
                    <field>
                        <signature>unsigned int8</signature>
                        <name>b</name>
                    </field>
                    <field>
                        <signature>int32</signature>
                        <name>c</name>
                    </field>
                </fieldlist>
            </type>
            <type>
                <name>d/a</name>
                <newname>g/c</newname>
                <methodlist />
                <fieldlist>
                    <field>
                        <signature>d/c</signature>
                        <name>a</name>
                    </field>
                    <field>
                        <signature>d/c</signature>
                        <name>b</name>
                    </field>
                    <field>
                        <signature>int32</signature>
                        <name>c</name>
                    </field>
                    <field>
                        <signature>d/b</signature>
                        <name>d</name>
                    </field>
                    <field>
                        <signature>d/c</signature>
                        <name>e</name>
                    </field>
                </fieldlist>
            </type>
            <type>
                <name>d/b</name>
                <newname>g/a</newname>
                <methodlist />
                <fieldlist>
                    <field>
                        <signature>int16</signature>
                        <name>a</name>
                    </field>
                    <field>
                        <signature>int16</signature>
                        <name>b</name>
                    </field>
                    <field>
                        <signature>int16</signature>
                        <name>c</name>
                    </field>
                    <field>
                        <signature>int16</signature>
                        <name>d</name>
                    </field>
                </fieldlist>
            </type>
            <type>
                <name>d/c</name>
                <newname>g/b</newname>
                <methodlist />
                <fieldlist>
                    <field>
                        <signature>int16</signature>
                        <name>a</name>
                    </field>
                    <field>
                        <signature>int16</signature>
                        <name>b</name>
                    </field>
                </fieldlist>
            </type>
            <type>
                <name>DotfuscatorAttribute</name>
                <newname>m</newname>
                <methodlist>
                    <method>
                        <signature>void(string)</signature>
                        <name>.ctor</name>
                    </method>
                    <method>
                        <signature>string()</signature>
                        <name>a</name>
                    </method>
                </methodlist>
                <fieldlist>
                    <field>
                        <signature>string</signature>
                        <name>a</name>
                    </field>
                </fieldlist>
            </type>
            <type>
                <name>e</name>
                <newname>r</newname>
                <methodlist>
                    <method>
                        <signature>void(m, k)</signature>
                        <name>.ctor</name>
                    </method>
                    <method>
                        <signature>void()</signature>
                        <name>a</name>
                    </method>
                    <method>
                        <signature>void()</signature>
                        <name>b</name>
                    </method>
                    <method>
                        <signature>string()</signature>
                        <name>c</name>
                    </method>
                </methodlist>
                <fieldlist />
            </type>
            <type>
                <name>f</name>
                <newname>u</newname>
                <methodlist>
                    <method>
                        <signature>void(m, k)</signature>
                        <name>.ctor</name>
                    </method>
                    <method>
                        <signature>void()</signature>
                        <name>a</name>
                    </method>
                    <method>
                        <signature>void()</signature>
                        <name>b</name>
                    </method>
                    <method>
                        <signature>string()</signature>
                        <name>c</name>
                    </method>
                </methodlist>
                <fieldlist />
            </type>
            <type>
                <name>g</name>
                <newname>j</newname>
                <methodlist>
                    <method>
                        <signature>void()</signature>
                        <name>.ctor</name>
                    </method>
                    <method>
                        <signature>void(string[])</signature>
                        <name>a</name>
                    </method>
                </methodlist>
                <fieldlist />
            </type>
            <type>
                <name>h</name>
                <newname>q</newname>
                <methodlist>
                    <method>
                        <signature>void()</signature>
                        <name>.ctor</name>
                    </method>
                    <method>
                        <signature>void(string, string)</signature>
                        <name>.ctor</name>
                    </method>
                    <method>
                        <signature>void(string, string, string)</signature>
                        <name>.ctor</name>
                    </method>
                    <method>
                        <signature>string()</signature>
                        <name>a</name>
                    </method>
                    <method>
                        <signature>void(string)</signature>
                        <name>a</name>
                    </method>
                    <method>
                        <signature>string()</signature>
                        <name>b</name>
                    </method>
                    <method>
                        <signature>void(string)</signature>
                        <name>b</name>
                    </method>
                    <method>
                        <signature>string()</signature>
                        <name>c</name>
                    </method>
                </methodlist>
                <fieldlist>
                    <field>
                        <signature>string</signature>
                        <name>a</name>
                    </field>
                    <field>
                        <signature>string</signature>
                        <name>b</name>
                    </field>
                </fieldlist>
            </type>
            <type>
                <name>i</name>
                <newname>b</newname>
                <methodlist>
                    <method>
                        <signature>void()</signature>
                        <name>.ctor</name>
                    </method>
                    <method>
                        <signature>void()</signature>
                        <name>a</name>
                    </method>
                    <method>
                        <signature>void()</signature>
                        <name>b</name>
                    </method>
                    <method>
                        <signature>void()</signature>
                        <name>c</name>
                    </method>
                    <method>
                        <signature>void()</signature>
                        <name>d</name>
                    </method>
                    <method>
                        <signature>void()</signature>
                        <name>e</name>
                    </method>
                    <method>
                        <signature>m()</signature>
                        <name>f</name>
                    </method>
                    <method>
                        <signature>k()</signature>
                        <name>g</name>
                    </method>
                </methodlist>
                <fieldlist />
            </type>
            <type>
                <name>j</name>
                <newname>e</newname>
                <methodlist>
                    <method>
                        <signature>void()</signature>
                        <name>.ctor</name>
                    </method>
                    <method>
                        <signature>void(string)</signature>
                        <name>.ctor</name>
                    </method>
                    <method>
                        <signature>void(string, string)</signature>
                        <name>.ctor</name>
                    </method>
                    <method>
                        <signature>string()</signature>
                        <name>a</name>
                    </method>
                    <method>
                        <signature>void(string)</signature>
                        <name>a</name>
                    </method>
                    <method>
                        <signature>string()</signature>
                        <name>b</name>
                    </method>
                </methodlist>
                <fieldlist>
                    <field>
                        <signature>string</signature>
                        <name>a</name>
                    </field>
                </fieldlist>
            </type>
            <type>
                <name>k</name>
                <newname>c</newname>
                <methodlist>
                    <method>
                        <signature>void()</signature>
                        <name>.ctor</name>
                    </method>
                    <method>
                        <signature>void(string)</signature>
                        <name>.ctor</name>
                    </method>
                    <method>
                        <signature>void(string)</signature>
                        <name>c</name>
                    </method>
                    <method>
                        <signature>string()</signature>
                        <name>d</name>
                    </method>
                </methodlist>
                <fieldlist>
                    <field>
                        <signature>string</signature>
                        <name>a</name>
                    </field>
                </fieldlist>
            </type>
            <type>
                <name>l</name>
                <newname>v</newname>
                <methodlist>
                    <method>
                        <signature>void(m, k)</signature>
                        <name>.ctor</name>
                    </method>
                    <method>
                        <signature>void()</signature>
                        <name>a</name>
                    </method>
                    <method>
                        <signature>void()</signature>
                        <name>b</name>
                    </method>
                    <method>
                        <signature>string()</signature>
                        <name>c</name>
                    </method>
                </methodlist>
                <fieldlist />
            </type>
            <type>
                <name>m</name>
                <newname>i</newname>
                <methodlist>
                    <method>
                        <signature>void(string, string, int32, int32, int32, float32)</signature>
                        <name>.ctor</name>
                    </method>
                    <method>
                        <signature>int32()</signature>
                        <name>a</name>
                    </method>
                    <method>
                        <signature>void(float32)</signature>
                        <name>a</name>
                    </method>
                    <method>
                        <signature>void(int32)</signature>
                        <name>a</name>
                    </method>
                    <method>
                        <signature>void(string)</signature>
                        <name>a</name>
                    </method>
                    <method>
                        <signature>string()</signature>
                        <name>b</name>
                    </method>
                    <method>
                        <signature>void(int32)</signature>
                        <name>b</name>
                    </method>
                    <method>
                        <signature>void(string)</signature>
                        <name>b</name>
                    </method>
                    <method>
                        <signature>string()</signature>
                        <name>c</name>
                    </method>
                    <method>
                        <signature>void(int32)</signature>
                        <name>c</name>
                    </method>
                    <method>
                        <signature>string()</signature>
                        <name>d</name>
                    </method>
                    <method>
                        <signature>float32()</signature>
                        <name>e</name>
                    </method>
                    <method>
                        <signature>int32()</signature>
                        <name>f</name>
                    </method>
                    <method>
                        <signature>int32()</signature>
                        <name>g</name>
                    </method>
                </methodlist>
                <fieldlist>
                    <field>
                        <signature>string</signature>
                        <name>a</name>
                    </field>
                    <field>
                        <signature>string</signature>
                        <name>b</name>
                    </field>
                    <field>
                        <signature>int32</signature>
                        <name>c</name>
                    </field>
                    <field>
                        <signature>int32</signature>
                        <name>d</name>
                    </field>
                    <field>
                        <signature>int32</signature>
                        <name>e</name>
                    </field>
                    <field>
                        <signature>float32</signature>
                        <name>f</name>
                    </field>
                </fieldlist>
            </type>
            <type>
                <name>n</name>
                <methodlist>
                    <method>
                        <signature>void(n/a, string)</signature>
                        <name>.ctor</name>
                    </method>
                    <method>
                        <signature>void()</signature>
                        <name>a</name>
                    </method>
                    <method>
                        <signature>string()</signature>
                        <name>b</name>
                    </method>
                </methodlist>
                <fieldlist>
                    <field>
                        <signature>n/a</signature>
                        <name>a</name>
                    </field>
                    <field>
                        <signature>string</signature>
                        <name>b</name>
                    </field>
                </fieldlist>
            </type>
            <type>
                <name>n/a</name>
                <methodlist>
                    <method>
                        <signature>void(object, native int)</signature>
                        <name>.ctor</name>
                    </method>
                    <method>
                        <signature>System.IAsyncResult(System.AsyncCallback, object)</signature>
                        <name>BeginInvoke</name>
                    </method>
                    <method>
                        <signature>void(System.IAsyncResult)</signature>
                        <name>EndInvoke</name>
                    </method>
                    <method>
                        <signature>void()</signature>
                        <name>Invoke</name>
                    </method>
                </methodlist>
                <fieldlist />
            </type>
            <type>
                <name>o</name>
                <newname>t</newname>
                <methodlist>
                    <method>
                        <signature>void()</signature>
                        <name>.ctor</name>
                    </method>
                    <method>
                        <signature>void(m, k)</signature>
                        <name>.ctor</name>
                    </method>
                    <method>
                        <signature>System.Xml.XmlTextWriter(string)</signature>
                        <name>a</name>
                    </method>
                    <method>
                        <signature>void()</signature>
                        <name>a</name>
                    </method>
                    <method>
                        <signature>void(System.Xml.XmlTextWriter)</signature>
                        <name>a</name>
                    </method>
                    <method>
                        <signature>void()</signature>
                        <name>b</name>
                    </method>
                    <method>
                        <signature>m()</signature>
                        <name>d</name>
                        <newname>g</newname>
                    </method>
                    <method>
                        <signature>System.Decimal()</signature>
                        <name>e</name>
                        <newname>h</newname>
                    </method>
                    <method>
                        <signature>System.Decimal()</signature>
                        <name>f</name>
                        <newname>i</newname>
                    </method>
                    <method>
                        <signature>System.Decimal()</signature>
                        <name>g</name>
                        <newname>j</newname>
                    </method>
                    <method>
                        <signature>void()</signature>
                        <name>h</name>
                        <newname>k</newname>
                    </method>
                    <method>
                        <signature>System.Decimal()</signature>
                        <name>i</name>
                        <newname>d</newname>
                    </method>
                    <method>
                        <signature>k()</signature>
                        <name>j</name>
                        <newname>e</newname>
                    </method>
                    <method>
                        <signature>System.Decimal()</signature>
                        <name>k</name>
                        <newname>f</newname>
                    </method>
                </methodlist>
                <fieldlist>
                    <field>
                        <signature>k</signature>
                        <name>a</name>
                    </field>
                    <field>
                        <signature>m</signature>
                        <name>b</name>
                    </field>
                    <field>
                        <signature>o/a</signature>
                        <name>c</name>
                    </field>
                    <field>
                        <signature>System.Decimal</signature>
                        <name>d</name>
                    </field>
                    <field>
                        <signature>a</signature>
                        <name>e</name>
                    </field>
                    <field>
                        <signature>float32</signature>
                        <name>f</name>
                    </field>
                </fieldlist>
            </type>
            <type>
                <name>o/a</name>
                <newname>t/a</newname>
                <methodlist />
                <fieldlist>
                    <field>
                        <signature>o/a</signature>
                        <name>a</name>
                    </field>
                    <field>
                        <signature>o/a</signature>
                        <name>b</name>
                    </field>
                    <field>
                        <signature>int32</signature>
                        <name>value__</name>
                    </field>
                </fieldlist>
            </type>
            <type>
                <name>p</name>
                <newname>f</newname>
                <methodlist>
                    <method>
                        <signature>void()</signature>
                        <name>.ctor</name>
                    </method>
                    <method>
                        <signature>int32()</signature>
                        <name>a</name>
                    </method>
                    <method>
                        <signature>void(int32)</signature>
                        <name>a</name>
                    </method>
                    <method>
                        <signature>void(o)</signature>
                        <name>a</name>
                    </method>
                    <method>
                        <signature>o(int32)</signature>
                        <name>b</name>
                    </method>
                    <method>
                        <signature>void(o)</signature>
                        <name>b</name>
                    </method>
                </methodlist>
                <fieldlist>
                    <field>
                        <signature>System.Collections.ArrayList</signature>
                        <name>a</name>
                    </field>
                </fieldlist>
            </type>
            <type>
                <name>q</name>
                <newname>d</newname>
                <methodlist>
                    <method>
                        <signature>void()</signature>
                        <name>.ctor</name>
                    </method>
                    <method>
                        <signature>void()</signature>
                        <name>a</name>
                    </method>
                    <method>
                        <signature>void()</signature>
                        <name>b</name>
                    </method>
                    <method>
                        <signature>void()</signature>
                        <name>c</name>
                    </method>
                </methodlist>
                <fieldlist />
            </type>
            <type>
                <name>r</name>
                <newname>h</newname>
                <methodlist>
                    <method>
                        <signature>void()</signature>
                        <name>.ctor</name>
                    </method>
                    <method>
                        <signature>void(string, System.Decimal)</signature>
                        <name>.ctor</name>
                    </method>
                    <method>
                        <signature>string()</signature>
                        <name>a</name>
                    </method>
                    <method>
                        <signature>System.Decimal()</signature>
                        <name>b</name>
                    </method>
                    <method>
                        <signature>string()</signature>
                        <name>c</name>
                    </method>
                </methodlist>
                <fieldlist>
                    <field>
                        <signature>string</signature>
                        <name>a</name>
                    </field>
                    <field>
                        <signature>System.Decimal</signature>
                        <name>b</name>
                    </field>
                </fieldlist>
            </type>
            <type>
                <name>s</name>
                <methodlist>
                    <method>
                        <signature>void(m, k, string)</signature>
                        <name>.ctor</name>
                    </method>
                    <method>
                        <signature>void()</signature>
                        <name>a</name>
                    </method>
                    <method>
                        <signature>void(a, float32)</signature>
                        <name>a</name>
                    </method>
                </methodlist>
                <fieldlist>
                    <field>
                        <signature>string</signature>
                        <name>a</name>
                    </field>
                </fieldlist>
            </type>
            <type>
                <name>t</name>
                <newname>o</newname>
                <methodlist>
                    <method>
                        <signature>void(m, k)</signature>
                        <name>.ctor</name>
                    </method>
                    <method>
                        <signature>void()</signature>
                        <name>a</name>
                    </method>
                    <method>
                        <signature>void()</signature>
                        <name>b</name>
                    </method>
                    <method>
                        <signature>string()</signature>
                        <name>c</name>
                    </method>
                </methodlist>
                <fieldlist />
            </type>
            <type>
                <name>u</name>
                <newname>l</newname>
                <methodlist>
                    <method>
                        <signature>void()</signature>
                        <name>.cctor</name>
                    </method>
                    <method>
                        <signature>void()</signature>
                        <name>.ctor</name>
                    </method>
                    <method>
                        <signature>void(string)</signature>
                        <name>.ctor</name>
                    </method>
                    <method>
                        <signature>int32(string)</signature>
                        <name>a</name>
                    </method>
                    <method>
                        <signature>int32(string, int32, int32)</signature>
                        <name>a</name>
                    </method>
                    <method>
                        <signature>int32(string, int32, int32, int32)</signature>
                        <name>a</name>
                    </method>
                    <method>
                        <signature>void(int32)</signature>
                        <name>a</name>
                    </method>
                    <method>
                        <signature>void(p)</signature>
                        <name>a</name>
                    </method>
                    <method>
                        <signature>bool(string)</signature>
                        <name>b</name>
                    </method>
                    <method>
                        <signature>void()</signature>
                        <name>h</name>
                        <newname>j</newname>
                    </method>
                    <method>
                        <signature>int32()</signature>
                        <name>i</name>
                        <newname>k</newname>
                    </method>
                    <method>
                        <signature>void()</signature>
                        <name>j</name>
                        <newname>l</newname>
                    </method>
                    <method>
                        <signature>void()</signature>
                        <name>k</name>
                        <newname>m</newname>
                    </method>
                    <method>
                        <signature>void()</signature>
                        <name>l</name>
                        <newname>n</newname>
                    </method>
                    <method>
                        <signature>void()</signature>
                        <name>m</name>
                        <newname>h</newname>
                    </method>
                    <method>
                        <signature>string()</signature>
                        <name>n</name>
                        <newname>i</newname>
                    </method>
                </methodlist>
                <fieldlist>
                    <field>
                        <signature>int32</signature>
                        <name>a</name>
                    </field>
                    <field>
                        <signature>string</signature>
                        <name>b</name>
                    </field>
                    <field>
                        <signature>n[]</signature>
                        <name>c</name>
                    </field>
                    <field>
                        <signature>p</signature>
                        <name>d</name>
                    </field>
                    <field>
                        <signature>p</signature>
                        <name>e</name>
                    </field>
                </fieldlist>
            </type>
        </module>
    </mapping>
    <statistics>
        <statisticline>
            <description>Total Classes</description>
            <statistic>27</statistic>
        </statisticline>
        <statisticline>
            <description>Total Methods</description>
            <statistic>133</statistic>
        </statisticline>
        <statisticline>
            <description>Total Fields</description>
            <statistic>46</statistic>
        </statisticline>
        <statisticline>
            <description>Total Classes Renamed</description>
            <statistic>24</statistic>
            <statistic>88.89 %</statistic>
        </statisticline>
        <statisticline>
            <description>Total Methods Renamed</description>
            <statistic>15</statistic>
            <statistic>11.28 %</statistic>
        </statisticline>
        <statisticline>
            <description>Total Fields Renamed</description>
            <statistic>0</statistic>
            <statistic>0.00 %</statistic>
        </statisticline>
        <statisticline>
            <description>Methods Renamed to 'h'</description>
            <statistic>2</statistic>
            <statistic>1.50 %</statistic>
        </statisticline>
        <statisticline>
            <description>Methods Renamed to 'i'</description>
            <statistic>2</statistic>
            <statistic>1.50 %</statistic>
        </statisticline>
        <statisticline>
            <description>Methods Renamed to 'j'</description>
            <statistic>2</statistic>
            <statistic>1.50 %</statistic>
        </statisticline>
        <statisticline>
            <description>Methods Renamed to 'k'</description>
            <statistic>2</statistic>
            <statistic>1.50 %</statistic>
        </statisticline>
        <statisticline>
            <description>Methods Renamed to 'd'</description>
            <statistic>1</statistic>
            <statistic>0.75 %</statistic>
        </statisticline>
        <statisticline>
            <description>Methods Renamed to 'e'</description>
            <statistic>1</statistic>
            <statistic>0.75 %</statistic>
        </statisticline>
        <statisticline>
            <description>Methods Renamed to 'f'</description>
            <statistic>1</statistic>
            <statistic>0.75 %</statistic>
        </statisticline>
    </statistics>
</dotfuscatorMap>