<?xml version="1.0" encoding="utf-8"?>
<!DOCTYPE dotfuscatorMap SYSTEM "http://www.preemptive.com/dotfuscator/dtd/dotfuscatorMap_v1.1.dtd">
<dotfuscatorMap version="1.1">
    <header>
        <timestamp>2006-04-20T13:30:16</timestamp>
        <product version="3.0.2005.16132" user="Craig Silver" serial="30201-391">Dotfuscator(tm) Community Edition</product>
    </header>
    <mapping>
        <module>
            <name>Solution.exe</name>
            <type>
                <name>ConsoleUtils</name>
                <newname>e</newname>
                <methodlist>
                    <method>
                        <signature>void()</signature>
                        <name>.cctor</name>
                    </method>
                    <method>
                        <signature>void()</signature>
                        <name>.ctor</name>
                    </method>
                    <method>
                        <signature>void()</signature>
                        <name>Clear</name>
                        <newname>a</newname>
                    </method>
                    <method>
                        <signature>int32(int32, unsigned int8, int32, ConsoleUtils/COORD, int32&amp;)</signature>
                        <name>FillConsoleOutputCharacter</name>
                    </method>
                    <method>
                        <signature>int32(int32, ConsoleUtils/CONSOLE_SCREEN_BUFFER_INFO&amp;)</signature>
                        <name>GetConsoleScreenBufferInfo</name>
                    </method>
                    <method>
                        <signature>int32(int32)</signature>
                        <name>GetStdHandle</name>
                    </method>
                    <method>
                        <signature>int32(int32, ConsoleUtils/COORD)</signature>
                        <name>SetConsoleCursorPosition</name>
                    </method>
                </methodlist>
                <fieldlist>
                    <field>
                        <signature>unsigned int8</signature>
                        <name>EMPTY</name>
                        <newname>b</newname>
                    </field>
                    <field>
                        <signature>int32</signature>
                        <name>hConsoleHandle</name>
                        <newname>c</newname>
                    </field>
                    <field>
                        <signature>int32</signature>
                        <name>STD_OUTPUT_HANDLE</name>
                        <newname>a</newname>
                    </field>
                </fieldlist>
            </type>
            <type>
                <name>ConsoleUtils/CONSOLE_SCREEN_BUFFER_INFO</name>
                <newname>e/a</newname>
                <methodlist />
                <fieldlist>
                    <field>
                        <signature>ConsoleUtils/COORD</signature>
                        <name>dwCursorPosition</name>
                        <newname>b</newname>
                    </field>
                    <field>
                        <signature>ConsoleUtils/COORD</signature>
                        <name>dwMaximumWindowSize</name>
                        <newname>e</newname>
                    </field>
                    <field>
                        <signature>ConsoleUtils/COORD</signature>
                        <name>dwSize</name>
                        <newname>a</newname>
                    </field>
                    <field>
                        <signature>ConsoleUtils/SMALL_RECT</signature>
                        <name>srWindow</name>
                        <newname>d</newname>
                    </field>
                    <field>
                        <signature>int32</signature>
                        <name>wAttributes</name>
                        <newname>c</newname>
                    </field>
                </fieldlist>
            </type>
            <type>
                <name>ConsoleUtils/COORD</name>
                <newname>e/c</newname>
                <methodlist />
                <fieldlist>
                    <field>
                        <signature>int16</signature>
                        <name>x</name>
                        <newname>a</newname>
                    </field>
                    <field>
                        <signature>int16</signature>
                        <name>y</name>
                        <newname>b</newname>
                    </field>
                </fieldlist>
            </type>
            <type>
                <name>ConsoleUtils/SMALL_RECT</name>
                <newname>e/b</newname>
                <methodlist />
                <fieldlist>
                    <field>
                        <signature>int16</signature>
                        <name>Bottom</name>
                        <newname>d</newname>
                    </field>
                    <field>
                        <signature>int16</signature>
                        <name>Left</name>
                        <newname>a</newname>
                    </field>
                    <field>
                        <signature>int16</signature>
                        <name>Right</name>
                        <newname>c</newname>
                    </field>
                    <field>
                        <signature>int16</signature>
                        <name>Top</name>
                        <newname>b</newname>
                    </field>
                </fieldlist>
            </type>
            <type>
                <name>VehicleMaintenance.Company</name>
                <newname>j</newname>
                <methodlist>
                    <method>
                        <signature>void()</signature>
                        <name>.ctor</name>
                    </method>
                    <method>
                        <signature>void(string)</signature>
                        <name>.ctor</name>
                    </method>
                    <method>
                        <signature>void(string, string)</signature>
                        <name>.ctor</name>
                    </method>
                    <method>
                        <signature>string()</signature>
                        <name>get_CompanyName</name>
                        <newname>a</newname>
                    </method>
                    <method>
                        <signature>void(string)</signature>
                        <name>set_CompanyName</name>
                        <newname>a</newname>
                    </method>
                    <method>
                        <signature>string()</signature>
                        <name>ToString</name>
                        <newname>b</newname>
                    </method>
                </methodlist>
                <fieldlist>
                    <field>
                        <signature>string</signature>
                        <name>name</name>
                        <newname>a</newname>
                    </field>
                </fieldlist>
            </type>
            <type>
                <name>VehicleMaintenance.CreateJobMenu</name>
                <newname>i</newname>
                <methodlist>
                    <method>
                        <signature>void()</signature>
                        <name>.ctor</name>
                    </method>
                    <method>
                        <signature>void()</signature>
                        <name>createOilChange</name>
                        <newname>e</newname>
                    </method>
                    <method>
                        <signature>void()</signature>
                        <name>createRadFlush</name>
                        <newname>d</newname>
                    </method>
                    <method>
                        <signature>void()</signature>
                        <name>createTranmsissionReplacement</name>
                        <newname>c</newname>
                    </method>
                    <method>
                        <signature>void()</signature>
                        <name>createUnknownProblemJob</name>
                        <newname>a</newname>
                    </method>
                    <method>
                        <signature>void()</signature>
                        <name>createValveAdjustment</name>
                        <newname>b</newname>
                    </method>
                    <method>
                        <signature>VehicleMaintenance.Owner()</signature>
                        <name>getOwnerInfo</name>
                        <newname>g</newname>
                    </method>
                    <method>
                        <signature>VehicleMaintenance.Vehicle()</signature>
                        <name>getVehicleInfo</name>
                        <newname>f</newname>
                    </method>
                </methodlist>
                <fieldlist />
            </type>
            <type>
                <name>VehicleMaintenance.FixedTimeJob</name>
                <newname>c</newname>
                <methodlist>
                    <method>
                        <signature>void(VehicleMaintenance.Vehicle, VehicleMaintenance.Owner)</signature>
                        <name>.ctor</name>
                    </method>
                </methodlist>
                <fieldlist />
            </type>
            <type>
                <name>VehicleMaintenance.Individual</name>
                <newname>h</newname>
                <methodlist>
                    <method>
                        <signature>void()</signature>
                        <name>.ctor</name>
                    </method>
                    <method>
                        <signature>void(string, string)</signature>
                        <name>.ctor</name>
                    </method>
                    <method>
                        <signature>void(string, string, string)</signature>
                        <name>.ctor</name>
                    </method>
                    <method>
                        <signature>string()</signature>
                        <name>get_FirstName</name>
                        <newname>c</newname>
                    </method>
                    <method>
                        <signature>string()</signature>
                        <name>get_LastName</name>
                        <newname>a</newname>
                    </method>
                    <method>
                        <signature>void(string)</signature>
                        <name>set_FirstName</name>
                        <newname>a</newname>
                    </method>
                    <method>
                        <signature>void(string)</signature>
                        <name>set_LastName</name>
                        <newname>b</newname>
                    </method>
                    <method>
                        <signature>string()</signature>
                        <name>ToString</name>
                        <newname>b</newname>
                    </method>
                </methodlist>
                <fieldlist>
                    <field>
                        <signature>string</signature>
                        <name>fName</name>
                        <newname>a</newname>
                    </field>
                    <field>
                        <signature>string</signature>
                        <name>lName</name>
                        <newname>b</newname>
                    </field>
                </fieldlist>
            </type>
            <type>
                <name>VehicleMaintenance.JobListMenu</name>
                <newname>l</newname>
                <methodlist>
                    <method>
                        <signature>void(string, VehicleMaintenance.VehicleMaintJobs)</signature>
                        <name>.ctor</name>
                    </method>
                </methodlist>
                <fieldlist />
            </type>
            <type>
                <name>VehicleMaintenance.MainMenu</name>
                <newname>r</newname>
                <methodlist>
                    <method>
                        <signature>void()</signature>
                        <name>.ctor</name>
                    </method>
                    <method>
                        <signature>void()</signature>
                        <name>createJob</name>
                        <newname>c</newname>
                    </method>
                    <method>
                        <signature>void()</signature>
                        <name>viewJobsInProgress</name>
                        <newname>a</newname>
                    </method>
                    <method>
                        <signature>void()</signature>
                        <name>workOnJob</name>
                        <newname>b</newname>
                    </method>
                </methodlist>
                <fieldlist />
            </type>
            <type>
                <name>VehicleMaintenance.Menu</name>
                <newname>u</newname>
                <methodlist>
                    <method>
                        <signature>void()</signature>
                        <name>.cctor</name>
                    </method>
                    <method>
                        <signature>void()</signature>
                        <name>.ctor</name>
                    </method>
                    <method>
                        <signature>void(string)</signature>
                        <name>.ctor</name>
                    </method>
                    <method>
                        <signature>void()</signature>
                        <name>display</name>
                        <newname>l</newname>
                    </method>
                    <method>
                        <signature>void(int32)</signature>
                        <name>doAction</name>
                        <newname>a</newname>
                    </method>
                    <method>
                        <signature>int32(bool)</signature>
                        <name>DoMenu</name>
                        <newname>a</newname>
                    </method>
                    <method>
                        <signature>string()</signature>
                        <name>get_Title</name>
                        <newname>j</newname>
                    </method>
                    <method>
                        <signature>int32(string)</signature>
                        <name>GetIntegerValue</name>
                        <newname>a</newname>
                    </method>
                    <method>
                        <signature>int32(string, int32, int32)</signature>
                        <name>GetIntegerValue</name>
                        <newname>a</newname>
                    </method>
                    <method>
                        <signature>int32(string, int32, int32, int32)</signature>
                        <name>GetIntegerValue</name>
                        <newname>a</newname>
                    </method>
                    <method>
                        <signature>void()</signature>
                        <name>listCompleteJobs</name>
                        <newname>h</newname>
                    </method>
                    <method>
                        <signature>void(VehicleMaintenance.VehicleMaintJobs)</signature>
                        <name>listJobs</name>
                        <newname>a</newname>
                    </method>
                    <method>
                        <signature>void()</signature>
                        <name>pause</name>
                        <newname>k</newname>
                    </method>
                    <method>
                        <signature>int32()</signature>
                        <name>promptForSelection</name>
                        <newname>i</newname>
                    </method>
                    <method>
                        <signature>bool(string)</signature>
                        <name>validateSelection</name>
                        <newname>b</newname>
                    </method>
                </methodlist>
                <fieldlist>
                    <field>
                        <signature>int32</signature>
                        <name>ABORT_MENU_SELECTION</name>
                        <newname>a</newname>
                    </field>
                    <field>
                        <signature>VehicleMaintenance.VehicleMaintJobs</signature>
                        <name>completeJobs</name>
                        <newname>e</newname>
                    </field>
                    <field>
                        <signature>VehicleMaintenance.VehicleMaintJobs</signature>
                        <name>incompleteJobs</name>
                        <newname>d</newname>
                    </field>
                    <field>
                        <signature>VehicleMaintenance.MenuItem[]</signature>
                        <name>menuItems</name>
                        <newname>c</newname>
                    </field>
                    <field>
                        <signature>string</signature>
                        <name>title</name>
                        <newname>b</newname>
                    </field>
                </fieldlist>
            </type>
            <type>
                <name>VehicleMaintenance.MenuItem</name>
                <newname>n</newname>
                <methodlist>
                    <method>
                        <signature>void(VehicleMaintenance.MenuItem/MenuAction, string)</signature>
                        <name>.ctor</name>
                    </method>
                    <method>
                        <signature>void()</signature>
                        <name>DoAction</name>
                        <newname>a</newname>
                    </method>
                    <method>
                        <signature>string()</signature>
                        <name>get_DisplayName</name>
                        <newname>b</newname>
                    </method>
                </methodlist>
                <fieldlist>
                    <field>
                        <signature>VehicleMaintenance.MenuItem/MenuAction</signature>
                        <name>action</name>
                        <newname>a</newname>
                    </field>
                    <field>
                        <signature>string</signature>
                        <name>displayName</name>
                        <newname>b</newname>
                    </field>
                </fieldlist>
            </type>
            <type>
                <name>VehicleMaintenance.MenuItem/MenuAction</name>
                <newname>n/a</newname>
                <methodlist>
                    <method>
                        <signature>void(object, native int)</signature>
                        <name>.ctor</name>
                    </method>
                    <method>
                        <signature>System.IAsyncResult(System.AsyncCallback, object)</signature>
                        <name>BeginInvoke</name>
                    </method>
                    <method>
                        <signature>void(System.IAsyncResult)</signature>
                        <name>EndInvoke</name>
                    </method>
                    <method>
                        <signature>void()</signature>
                        <name>Invoke</name>
                    </method>
                </methodlist>
                <fieldlist />
            </type>
            <type>
                <name>VehicleMaintenance.OilChange</name>
                <newname>f</newname>
                <methodlist>
                    <method>
                        <signature>void(VehicleMaintenance.Vehicle, VehicleMaintenance.Owner)</signature>
                        <name>.ctor</name>
                    </method>
                    <method>
                        <signature>void()</signature>
                        <name>DoJob</name>
                        <newname>c</newname>
                    </method>
                    <method>
                        <signature>void()</signature>
                        <name>PrintReport</name>
                        <newname>a</newname>
                    </method>
                    <method>
                        <signature>string()</signature>
                        <name>ToString</name>
                        <newname>b</newname>
                    </method>
                </methodlist>
                <fieldlist />
            </type>
            <type>
                <name>VehicleMaintenance.Owner</name>
                <newname>g</newname>
                <methodlist>
                    <method>
                        <signature>void()</signature>
                        <name>.ctor</name>
                    </method>
                    <method>
                        <signature>void(string)</signature>
                        <name>.ctor</name>
                    </method>
                    <method>
                        <signature>string()</signature>
                        <name>get_PhoneNumber</name>
                        <newname>d</newname>
                    </method>
                    <method>
                        <signature>void(string)</signature>
                        <name>set_PhoneNumber</name>
                        <newname>c</newname>
                    </method>
                </methodlist>
                <fieldlist>
                    <field>
                        <signature>string</signature>
                        <name>phoneNumber</name>
                        <newname>a</newname>
                    </field>
                </fieldlist>
            </type>
            <type>
                <name>VehicleMaintenance.Part</name>
                <newname>q</newname>
                <methodlist>
                    <method>
                        <signature>void()</signature>
                        <name>.ctor</name>
                    </method>
                    <method>
                        <signature>void(string, System.Decimal)</signature>
                        <name>.ctor</name>
                    </method>
                    <method>
                        <signature>System.Decimal()</signature>
                        <name>get_Cost</name>
                        <newname>b</newname>
                    </method>
                    <method>
                        <signature>string()</signature>
                        <name>get_Description</name>
                        <newname>a</newname>
                    </method>
                    <method>
                        <signature>string()</signature>
                        <name>ToString</name>
                        <newname>c</newname>
                    </method>
                </methodlist>
                <fieldlist>
                    <field>
                        <signature>System.Decimal</signature>
                        <name>cost</name>
                        <newname>b</newname>
                    </field>
                    <field>
                        <signature>string</signature>
                        <name>description</name>
                        <newname>a</newname>
                    </field>
                </fieldlist>
            </type>
            <type>
                <name>VehicleMaintenance.Parts</name>
                <newname>b</newname>
                <methodlist>
                    <method>
                        <signature>void()</signature>
                        <name>.ctor</name>
                    </method>
                    <method>
                        <signature>void(System.Collections.ArrayList)</signature>
                        <name>.ctor</name>
                    </method>
                    <method>
                        <signature>void(VehicleMaintenance.Part)</signature>
                        <name>Add</name>
                        <newname>b</newname>
                    </method>
                    <method>
                        <signature>int32()</signature>
                        <name>get_Count</name>
                        <newname>a</newname>
                    </method>
                    <method>
                        <signature>VehicleMaintenance.Part(int32)</signature>
                        <name>get_Item</name>
                        <newname>b</newname>
                    </method>
                    <method>
                        <signature>void(VehicleMaintenance.Part)</signature>
                        <name>Remove</name>
                        <newname>a</newname>
                    </method>
                    <method>
                        <signature>void(int32)</signature>
                        <name>RemoveAt</name>
                        <newname>a</newname>
                    </method>
                </methodlist>
                <fieldlist>
                    <field>
                        <signature>System.Collections.ArrayList</signature>
                        <name>parts</name>
                        <newname>a</newname>
                    </field>
                </fieldlist>
            </type>
            <type>
                <name>VehicleMaintenance.Program</name>
                <newname>t</newname>
                <methodlist>
                    <method>
                        <signature>void()</signature>
                        <name>.ctor</name>
                    </method>
                    <method>
                        <signature>void(string[])</signature>
                        <name>Main</name>
                        <newname>a</newname>
                    </method>
                </methodlist>
                <fieldlist />
            </type>
            <type>
                <name>VehicleMaintenance.RadiatorFlush</name>
                <newname>v</newname>
                <methodlist>
                    <method>
                        <signature>void(VehicleMaintenance.Vehicle, VehicleMaintenance.Owner)</signature>
                        <name>.ctor</name>
                    </method>
                    <method>
                        <signature>void()</signature>
                        <name>DoJob</name>
                        <newname>c</newname>
                    </method>
                    <method>
                        <signature>void()</signature>
                        <name>PrintReport</name>
                        <newname>a</newname>
                    </method>
                    <method>
                        <signature>string()</signature>
                        <name>ToString</name>
                        <newname>b</newname>
                    </method>
                </methodlist>
                <fieldlist />
            </type>
            <type>
                <name>VehicleMaintenance.TransmissionReplacement</name>
                <newname>a</newname>
                <methodlist>
                    <method>
                        <signature>void(VehicleMaintenance.Vehicle, VehicleMaintenance.Owner)</signature>
                        <name>.ctor</name>
                    </method>
                    <method>
                        <signature>void()</signature>
                        <name>DoJob</name>
                        <newname>c</newname>
                    </method>
                    <method>
                        <signature>void()</signature>
                        <name>PrintReport</name>
                        <newname>a</newname>
                    </method>
                    <method>
                        <signature>string()</signature>
                        <name>ToString</name>
                        <newname>b</newname>
                    </method>
                </methodlist>
                <fieldlist />
            </type>
            <type>
                <name>VehicleMaintenance.UnknownProblemJob</name>
                <newname>s</newname>
                <methodlist>
                    <method>
                        <signature>void(VehicleMaintenance.Vehicle, VehicleMaintenance.Owner, string)</signature>
                        <name>.ctor</name>
                    </method>
                    <method>
                        <signature>void(VehicleMaintenance.Parts, float32)</signature>
                        <name>DoSomeOfJob</name>
                        <newname>a</newname>
                    </method>
                    <method>
                        <signature>void()</signature>
                        <name>PrintReport</name>
                        <newname>a</newname>
                    </method>
                    <method>
                        <signature>string()</signature>
                        <name>ToString</name>
                        <newname>b</newname>
                    </method>
                </methodlist>
                <fieldlist>
                    <field>
                        <signature>string</signature>
                        <name>problemDescr</name>
                        <newname>a</newname>
                    </field>
                </fieldlist>
            </type>
            <type>
                <name>VehicleMaintenance.ValveAdjustment</name>
                <newname>k</newname>
                <methodlist>
                    <method>
                        <signature>void(VehicleMaintenance.Vehicle, VehicleMaintenance.Owner)</signature>
                        <name>.ctor</name>
                    </method>
                    <method>
                        <signature>void()</signature>
                        <name>DoJob</name>
                        <newname>c</newname>
                    </method>
                    <method>
                        <signature>void()</signature>
                        <name>PrintReport</name>
                        <newname>a</newname>
                    </method>
                    <method>
                        <signature>string()</signature>
                        <name>ToString</name>
                        <newname>b</newname>
                    </method>
                </methodlist>
                <fieldlist />
            </type>
            <type>
                <name>VehicleMaintenance.Vehicle</name>
                <newname>m</newname>
                <methodlist>
                    <method>
                        <signature>void()</signature>
                        <name>.ctor</name>
                    </method>
                    <method>
                        <signature>void(string, string, int32, int32, int32, float32)</signature>
                        <name>.ctor</name>
                    </method>
                    <method>
                        <signature>int32()</signature>
                        <name>get_Cylinders</name>
                        <newname>f</newname>
                    </method>
                    <method>
                        <signature>int32()</signature>
                        <name>get_Displacement</name>
                        <newname>a</newname>
                    </method>
                    <method>
                        <signature>string()</signature>
                        <name>get_Make</name>
                        <newname>b</newname>
                    </method>
                    <method>
                        <signature>float32()</signature>
                        <name>get_Mileage</name>
                        <newname>e</newname>
                    </method>
                    <method>
                        <signature>string()</signature>
                        <name>get_Model</name>
                        <newname>d</newname>
                    </method>
                    <method>
                        <signature>int32()</signature>
                        <name>get_Year</name>
                        <newname>g</newname>
                    </method>
                    <method>
                        <signature>void(int32)</signature>
                        <name>set_Cylinders</name>
                        <newname>c</newname>
                    </method>
                    <method>
                        <signature>void(int32)</signature>
                        <name>set_Displacement</name>
                        <newname>b</newname>
                    </method>
                    <method>
                        <signature>void(string)</signature>
                        <name>set_Make</name>
                        <newname>b</newname>
                    </method>
                    <method>
                        <signature>void(float32)</signature>
                        <name>set_Mileage</name>
                        <newname>a</newname>
                    </method>
                    <method>
                        <signature>void(string)</signature>
                        <name>set_Model</name>
                        <newname>a</newname>
                    </method>
                    <method>
                        <signature>void(int32)</signature>
                        <name>set_Year</name>
                        <newname>a</newname>
                    </method>
                    <method>
                        <signature>string()</signature>
                        <name>ToString</name>
                        <newname>c</newname>
                    </method>
                </methodlist>
                <fieldlist>
                    <field>
                        <signature>int32</signature>
                        <name>displacementCC</name>
                        <newname>e</newname>
                    </field>
                    <field>
                        <signature>string</signature>
                        <name>make</name>
                        <newname>a</newname>
                    </field>
                    <field>
                        <signature>float32</signature>
                        <name>mileageKm</name>
                        <newname>f</newname>
                    </field>
                    <field>
                        <signature>string</signature>
                        <name>model</name>
                        <newname>b</newname>
                    </field>
                    <field>
                        <signature>int32</signature>
                        <name>numCylinders</name>
                        <newname>d</newname>
                    </field>
                    <field>
                        <signature>int32</signature>
                        <name>year</name>
                        <newname>c</newname>
                    </field>
                </fieldlist>
            </type>
            <type>
                <name>VehicleMaintenance.VehicleMaintJob</name>
                <newname>o</newname>
                <methodlist>
                    <method>
                        <signature>void()</signature>
                        <name>.ctor</name>
                    </method>
                    <method>
                        <signature>void(VehicleMaintenance.Vehicle, VehicleMaintenance.Owner)</signature>
                        <name>.ctor</name>
                    </method>
                    <method>
                        <signature>System.Decimal()</signature>
                        <name>calcTotalCost</name>
                        <newname>f</newname>
                    </method>
                    <method>
                        <signature>void()</signature>
                        <name>DoJob</name>
                        <newname>c</newname>
                    </method>
                    <method>
                        <signature>System.Decimal()</signature>
                        <name>get_GST</name>
                        <newname>e</newname>
                    </method>
                    <method>
                        <signature>System.Decimal()</signature>
                        <name>get_HourlyRate</name>
                        <newname>i</newname>
                    </method>
                    <method>
                        <signature>VehicleMaintenance.Owner()</signature>
                        <name>get_Owner</name>
                        <newname>j</newname>
                    </method>
                    <method>
                        <signature>System.Decimal()</signature>
                        <name>get_PST</name>
                        <newname>k</newname>
                    </method>
                    <method>
                        <signature>System.Decimal()</signature>
                        <name>get_TotalCost</name>
                        <newname>g</newname>
                    </method>
                    <method>
                        <signature>VehicleMaintenance.Vehicle()</signature>
                        <name>get_Vehicle</name>
                        <newname>d</newname>
                    </method>
                    <method>
                        <signature>void()</signature>
                        <name>printReport</name>
                        <newname>h</newname>
                    </method>
                    <method>
                        <signature>void()</signature>
                        <name>PrintReport</name>
                        <newname>a</newname>
                    </method>
                </methodlist>
                <fieldlist>
                    <field>
                        <signature>float32</signature>
                        <name>labourHours</name>
                        <newname>f</newname>
                    </field>
                    <field>
                        <signature>VehicleMaintenance.Owner</signature>
                        <name>owner</name>
                        <newname>a</newname>
                    </field>
                    <field>
                        <signature>VehicleMaintenance.Parts</signature>
                        <name>parts</name>
                        <newname>e</newname>
                    </field>
                    <field>
                        <signature>VehicleMaintenance.VehicleMaintJob/Status</signature>
                        <name>status</name>
                        <newname>c</newname>
                    </field>
                    <field>
                        <signature>System.Decimal</signature>
                        <name>totalCost</name>
                        <newname>d</newname>
                    </field>
                    <field>
                        <signature>VehicleMaintenance.Vehicle</signature>
                        <name>vehicle</name>
                        <newname>b</newname>
                    </field>
                </fieldlist>
            </type>
            <type>
                <name>VehicleMaintenance.VehicleMaintJob/Status</name>
                <newname>o/a</newname>
                <methodlist />
                <fieldlist>
                    <field>
                        <signature>VehicleMaintenance.VehicleMaintJob/Status</signature>
                        <name>Complete</name>
                        <newname>b</newname>
                    </field>
                    <field>
                        <signature>VehicleMaintenance.VehicleMaintJob/Status</signature>
                        <name>Open</name>
                        <newname>a</newname>
                    </field>
                    <field>
                        <signature>int32</signature>
                        <name>value__</name>
                    </field>
                </fieldlist>
            </type>
            <type>
                <name>VehicleMaintenance.VehicleMaintJobs</name>
                <newname>p</newname>
                <methodlist>
                    <method>
                        <signature>void()</signature>
                        <name>.ctor</name>
                    </method>
                    <method>
                        <signature>void(VehicleMaintenance.VehicleMaintJob)</signature>
                        <name>Add</name>
                        <newname>b</newname>
                    </method>
                    <method>
                        <signature>int32()</signature>
                        <name>get_Count</name>
                        <newname>a</newname>
                    </method>
                    <method>
                        <signature>VehicleMaintenance.VehicleMaintJob(int32)</signature>
                        <name>get_Item</name>
                        <newname>b</newname>
                    </method>
                    <method>
                        <signature>void(int32)</signature>
                        <name>RemoteAt</name>
                        <newname>a</newname>
                    </method>
                    <method>
                        <signature>void(VehicleMaintenance.VehicleMaintJob)</signature>
                        <name>Remove</name>
                        <newname>a</newname>
                    </method>
                </methodlist>
                <fieldlist>
                    <field>
                        <signature>System.Collections.ArrayList</signature>
                        <name>jobs</name>
                        <newname>a</newname>
                    </field>
                </fieldlist>
            </type>
            <type>
                <name>VehicleMaintenance.WorkOnJobsMenu</name>
                <newname>d</newname>
                <methodlist>
                    <method>
                        <signature>void()</signature>
                        <name>.ctor</name>
                    </method>
                    <method>
                        <signature>void()</signature>
                        <name>completeAJob</name>
                        <newname>a</newname>
                    </method>
                    <method>
                        <signature>void()</signature>
                        <name>workOnAJob</name>
                        <newname>b</newname>
                    </method>
                </methodlist>
                <fieldlist />
            </type>
        </module>
    </mapping>
    <statistics>
        <statisticline>
            <description>Total Classes</description>
            <statistic>27</statistic>
        </statisticline>
        <statisticline>
            <description>Total Methods</description>
            <statistic>131</statistic>
        </statisticline>
        <statisticline>
            <description>Total Fields</description>
            <statistic>45</statistic>
        </statisticline>
        <statisticline>
            <description>Total Classes Renamed</description>
            <statistic>27</statistic>
            <statistic>100.00 %</statistic>
        </statisticline>
        <statisticline>
            <description>Total Methods Renamed</description>
            <statistic>89</statistic>
            <statistic>67.94 %</statistic>
        </statisticline>
        <statisticline>
            <description>Total Fields Renamed</description>
            <statistic>44</statistic>
            <statistic>97.78 %</statistic>
        </statisticline>
        <statisticline>
            <description>Methods Renamed to 'a'</description>
            <statistic>34</statistic>
            <statistic>25.95 %</statistic>
        </statisticline>
        <statisticline>
            <description>Methods Renamed to 'b'</description>
            <statistic>21</statistic>
            <statistic>16.03 %</statistic>
        </statisticline>
        <statisticline>
            <description>Methods Renamed to 'c'</description>
            <statistic>12</statistic>
            <statistic>9.16 %</statistic>
        </statisticline>
        <statisticline>
            <description>Methods Renamed to 'd'</description>
            <statistic>4</statistic>
            <statistic>3.05 %</statistic>
        </statisticline>
        <statisticline>
            <description>Methods Renamed to 'e'</description>
            <statistic>3</statistic>
            <statistic>2.29 %</statistic>
        </statisticline>
        <statisticline>
            <description>Methods Renamed to 'f'</description>
            <statistic>3</statistic>
            <statistic>2.29 %</statistic>
        </statisticline>
        <statisticline>
            <description>Methods Renamed to 'g'</description>
            <statistic>3</statistic>
            <statistic>2.29 %</statistic>
        </statisticline>
    </statistics>
</dotfuscatorMap>