<?xml version="1.0" encoding="UTF-8"?>
<?xml-stylesheet type='text/xsl' href='roster.xsl'?>
<!DOCTYPE roster SYSTEM "roster.dtd">
<roster>
    <player>
        <number>41</number>
        <name>Dustin Boyd</name>
        <position>Centre</position>
    </player>
    <player>
        <number>24</number>
        <name>Craig Conroy</name>
        <position>Centre</position>
    </player>
    <player>
        <number>17</number>
        <name>Eric Godard</name>
        <position>Right Wing</position>
    </player>
    <player>
        <number>20</number>
        <name>Kristian Huselius</name>
        <position>Left Wing</position>
    </player>
    <player>
        <number>12</number>
        <name>Jarome Iginla</name> 
        <position>Right Wing</position>
    </player>
    <player>
        <number>22</number>
        <name>Daymond Langkow</name>
        <position>Centre</position>
    </player>
    <player>
        <number>18</number>
        <name>Matthew Lombardi</name>
        <position>Centre</position>
    </player>
    <player>
        <number>25</number>
        <name>David Moss</name>
        <position>Right Wing</position>
    </player>
    <player>
        <number>26</number>
        <name>Marcus Nilson</name>
        <position>Left Wing</position>
    </player>
    <player>
        <number>11</number>
        <name>Owen Nolan</name>
        <position>Right Wing</position>
    </player>
    <player>
        <number>23</number>
        <name>Eric Nystrom</name>
        <position>Left Wing</position>
    </player>
    <player>
        <number>19</number>
        <name>Wayne Primeau</name>
        <position>Centre</position>
    </player>
    <player>
        <number>11</number>
        <name>Owen Nolan</name>
        <position>Right Wing</position>
    </player>
    <player>
        <number>16</number>
        <name>Mark Smith</name>
        <position>Centre</position>
    </player>
    <player>
        <number>40</number>
        <name>Alex Tanguay</name>
        <position>Left Wing</position>
    </player>
    <player>
        <number>7</number>
        <name>Stephane Yelle</name>
        <position>Centre</position>
    </player>
    <player>
        <number>33</number>
        <name>Adrian Aucoin</name>
        <position>Defenceman</position>
    </player>
    <player>
        <number>8</number>
        <name>Anders Eriksson</name>
        <position>Defenceman</position>
    </player>
    <player>
        <number>21</number>
        <name>David Hale</name>
        <position>Defenceman</position>
    </player>
    <player>
        <number>3</number>
        <name>Dion Phaneuf</name>
        <position>Defenceman</position>
    </player>
    <player>
        <number>28</number>
        <name>Robyn Regehr</name>
        <position>Defenceman</position>
    </player>
    <player>
        <number>6</number>
        <name>Cory Sarich</name>
        <position>Defenceman</position>
    </player>
    <player>
        <number>4</number>
        <name>James Vandermeer</name>
        <position>Defenceman</position>
    </player>
    <player>
        <number>44</number>
        <name>Rhett Warrener</name>
        <position>Defenceman</position>
    </player>
    <player>
        <number>33</number>
        <name>Adrian Aucoin</name>
        <position>Defenceman</position>
    </player>
    <player>
        <number>31</number>
        <name>Curtis Joseph</name>
        <position>Goalie</position>
    </player>
    <player>
        <number>34</number>
        <name>Miikka Kiprusoff</name>
        <position>Goalie</position>
    </player>
</roster>
