12.118.34.30,United States (US),,,38.000000,-97.000000
12.122.1.2,United States (US),,,38.000000,-97.000000
12.122.1.209,United States (US),,,38.000000,-97.000000
12.122.1.210,United States (US),,,38.000000,-97.000000
12.122.1.5,United States (US),,,38.000000,-97.000000
12.122.1.6,United States (US),,,38.000000,-97.000000
12.122.128.101,United States (US),,,38.000000,-97.000000
12.122.128.105,United States (US),,,38.000000,-97.000000
12.122.128.13,United States (US),,,38.000000,-97.000000
12.122.128.14,United States (US),,,38.000000,-97.000000
12.122.128.170,United States (US),,,38.000000,-97.000000
12.122.128.2,United States (US),,,38.000000,-97.000000
12.122.128.25,United States (US),,,38.000000,-97.000000
12.122.128.26,United States (US),,,38.000000,-97.000000
12.122.128.6,United States (US),,,38.000000,-97.000000
12.122.128.9,United States (US),,,38.000000,-97.000000
12.122.129.10,United States (US),,,38.000000,-97.000000
12.122.129.101,United States (US),,,38.000000,-97.000000
12.122.129.106,United States (US),,,38.000000,-97.000000
12.122.129.13,United States (US),,,38.000000,-97.000000
12.122.129.170,United States (US),,,38.000000,-97.000000
12.122.129.2,United States (US),,,38.000000,-97.000000
12.122.129.25,United States (US),,,38.000000,-97.000000
12.122.129.26,United States (US),,,38.000000,-97.000000
12.122.129.29,United States (US),,,38.000000,-97.000000
12.122.129.6,United States (US),,,38.000000,-97.000000
12.122.129.61,United States (US),,,38.000000,-97.000000
12.122.129.9,United States (US),,,38.000000,-97.000000
12.122.130.125,United States (US),,,38.000000,-97.000000
12.122.131.118,United States (US),,,38.000000,-97.000000
12.122.131.22,United States (US),,,38.000000,-97.000000
12.122.135.10,United States (US),,,38.000000,-97.000000
12.122.135.129,United States (US),,,38.000000,-97.000000
12.122.135.14,United States (US),,,38.000000,-97.000000
12.122.137.150,United States (US),,,38.000000,-97.000000
12.122.138.22,United States (US),,,38.000000,-97.000000
12.122.143.69,United States (US),,,38.000000,-97.000000
12.122.143.70,United States (US),,,38.000000,-97.000000
12.122.146.77,United States (US),,,38.000000,-97.000000
12.122.2.125,United States (US),,,38.000000,-97.000000
12.122.2.126,United States (US),,,38.000000,-97.000000
12.122.2.205,United States (US),,,38.000000,-97.000000
12.122.2.206,United States (US),,,38.000000,-97.000000
12.122.2.209,United States (US),,,38.000000,-97.000000
12.122.2.210,United States (US),,,38.000000,-97.000000
12.122.2.53,United States (US),,,38.000000,-97.000000
12.122.254.41,United States (US),,,38.000000,-97.000000
12.122.254.65,United States (US),,,38.000000,-97.000000
12.122.255.69,United States (US),,,38.000000,-97.000000
12.122.255.73,United States (US),,,38.000000,-97.000000
12.122.255.74,United States (US),,,38.000000,-97.000000
12.122.28.157,United States (US),,,38.000000,-97.000000
12.122.28.158,United States (US),,,38.000000,-97.000000
12.122.28.177,United States (US),,,38.000000,-97.000000
12.122.28.178,United States (US),,,38.000000,-97.000000
12.122.3.122,United States (US),,,38.000000,-97.000000
12.122.3.37,United States (US),,,38.000000,-97.000000
12.122.30.25,United States (US),,,38.000000,-97.000000
12.122.30.26,United States (US),,,38.000000,-97.000000
12.122.30.29,United States (US),,,38.000000,-97.000000
12.122.30.30,United States (US),,,38.000000,-97.000000
12.122.31.134,United States (US),,,38.000000,-97.000000
12.122.31.193,United States (US),,,38.000000,-97.000000
12.122.31.85,United States (US),,,38.000000,-97.000000
12.122.31.86,United States (US),,,38.000000,-97.000000
12.122.4.53,United States (US),,,38.000000,-97.000000
12.122.4.54,United States (US),,,38.000000,-97.000000
12.122.80.226,United States (US),,,38.000000,-97.000000
12.122.81.18,United States (US),,,38.000000,-97.000000
12.122.82.222,United States (US),,,38.000000,-97.000000
12.122.84.201,United States (US),,,38.000000,-97.000000
12.122.84.202,United States (US),,,38.000000,-97.000000
12.122.84.217,United States (US),,,38.000000,-97.000000
12.122.84.218,United States (US),,,38.000000,-97.000000
12.122.84.46,United States (US),,,38.000000,-97.000000
12.122.84.50,United States (US),,,38.000000,-97.000000
12.122.86.5,United States (US),,,38.000000,-97.000000
12.122.88.174,United States (US),,,38.000000,-97.000000
12.123.30.109,United States (US),,,38.000000,-97.000000
12.123.30.110,United States (US),,,38.000000,-97.000000
12.123.30.133,United States (US),,,38.000000,-97.000000
12.123.30.17,United States (US),,,38.000000,-97.000000
12.123.30.189,United States (US),,,38.000000,-97.000000
12.123.30.249,United States (US),,,38.000000,-97.000000
12.123.30.250,United States (US),,,38.000000,-97.000000
12.123.30.5,United States (US),,,38.000000,-97.000000
130.117.1.73,United States (US),,,38.000000,-97.000000
130.117.3.226,United States (US),,,38.000000,-97.000000
130.117.49.105,United States (US),,,38.000000,-97.000000
130.117.49.93,United States (US),,,38.000000,-97.000000
130.117.50.89,United States (US),,,38.000000,-97.000000
130.117.50.90,United States (US),,,38.000000,-97.000000
144.232.0.24,United States (US),,,38.000000,-97.000000
144.232.0.26,United States (US),,,38.000000,-97.000000
144.232.13.43,United States (US),,,38.000000,-97.000000
144.232.13.50,United States (US),,,38.000000,-97.000000
144.232.18.123,United States (US),,,38.000000,-97.000000
144.232.18.209,United States (US),,,38.000000,-97.000000
144.232.19.100,United States (US),,,38.000000,-97.000000
144.232.19.146,United States (US),,,38.000000,-97.000000
144.232.19.181,United States (US),,,38.000000,-97.000000
144.232.19.200,United States (US),,,38.000000,-97.000000
144.232.19.235,United States (US),,,38.000000,-97.000000
144.232.19.237,United States (US),,,38.000000,-97.000000
144.232.19.245,United States (US),,,38.000000,-97.000000
144.232.20.103,United States (US),,,38.000000,-97.000000
144.232.20.143,United States (US),,,38.000000,-97.000000
144.232.20.163,United States (US),,,38.000000,-97.000000
144.232.20.166,United States (US),,,38.000000,-97.000000
144.232.20.44,United States (US),,,38.000000,-97.000000
144.232.20.74,United States (US),,,38.000000,-97.000000
144.232.20.96,United States (US),,,38.000000,-97.000000
144.232.24.13,United States (US),,,38.000000,-97.000000
144.232.24.209,United States (US),,,38.000000,-97.000000
144.232.24.211,United States (US),,,38.000000,-97.000000
144.232.24.50,United States (US),,,38.000000,-97.000000
144.232.24.66,United States (US),,,38.000000,-97.000000
144.232.26.11,United States (US),,,38.000000,-97.000000
144.232.26.69,United States (US),,,38.000000,-97.000000
144.232.3.136,United States (US),,,38.000000,-97.000000
144.232.3.139,United States (US),,,38.000000,-97.000000
144.232.3.213,United States (US),,,38.000000,-97.000000
144.232.3.215,United States (US),,,38.000000,-97.000000
144.232.4.83,United States (US),,,38.000000,-97.000000
144.232.4.85,United States (US),,,38.000000,-97.000000
144.232.4.87,United States (US),,,38.000000,-97.000000
144.232.4.89,United States (US),,,38.000000,-97.000000
144.232.4.91,United States (US),,,38.000000,-97.000000
144.232.4.97,United States (US),,,38.000000,-97.000000
144.232.4.99,United States (US),,,38.000000,-97.000000
144.232.5.100,United States (US),,,38.000000,-97.000000
144.232.5.102,United States (US),,,38.000000,-97.000000
144.232.8.185,United States (US),,,38.000000,-97.000000
144.232.8.186,United States (US),,,38.000000,-97.000000
144.232.9.110,United States (US),,,38.000000,-97.000000
144.232.9.113,United States (US),,,38.000000,-97.000000
144.232.9.115,United States (US),,,38.000000,-97.000000
144.232.9.148,United States (US),,,38.000000,-97.000000
144.232.9.157,United States (US),,,38.000000,-97.000000
144.232.9.166,United States (US),,,38.000000,-97.000000
144.232.9.167,United States (US),,,38.000000,-97.000000
144.232.9.74,United States (US),,,38.000000,-97.000000
144.232.9.78,United States (US),,,38.000000,-97.000000
149.6.2.193,United Kingdom (GB),,,54.000000,-2.000000
152.63.17.2,United States (US),,,38.000000,-97.000000
152.63.29.198,United States (US),,,38.000000,-97.000000
152.63.3.118,United States (US),,,38.000000,-97.000000
152.63.3.122,United States (US),,,38.000000,-97.000000
152.63.3.134,United States (US),,,38.000000,-97.000000
152.63.3.170,United States (US),,,38.000000,-97.000000
157.130.91.249,United States (US),,,38.000000,-97.000000
160.81.236.226,United States (US),,,38.000000,-97.000000
166.63.221.193,United States (US),,,38.000000,-97.000000
166.63.221.194,United States (US),,,38.000000,-97.000000
192.205.33.225,United States (US),,,38.000000,-97.000000
192.205.33.226,United States (US),,,38.000000,-97.000000
192.205.33.229,United States (US),,,38.000000,-97.000000
192.205.34.134,United States (US),,,38.000000,-97.000000
192.205.34.14,United States (US),,,38.000000,-97.000000
192.205.34.209,United States (US),,,38.000000,-97.000000
192.205.34.53,United States (US),,,38.000000,-97.000000
192.205.34.77,United States (US),,,38.000000,-97.000000
192.205.35.130,United States (US),,,38.000000,-97.000000
192.205.35.194,United States (US),,,38.000000,-97.000000
192.205.35.5,United States (US),,,38.000000,-97.000000
192.205.35.6,United States (US),,,38.000000,-97.000000
192.205.36.114,United States (US),,,38.000000,-97.000000
192.205.36.121,United States (US),,,38.000000,-97.000000
192.205.36.137,United States (US),,,38.000000,-97.000000
192.205.36.205,United States (US),,,38.000000,-97.000000
192.205.36.241,United States (US),,,38.000000,-97.000000
192.205.37.157,United States (US),,,38.000000,-97.000000
192.205.37.158,United States (US),,,38.000000,-97.000000
192.205.37.89,United States (US),,,38.000000,-97.000000
195.2.10.109,Europe (EU),,,47.000000,8.000000
195.2.10.110,Europe (EU),,,47.000000,8.000000
195.2.21.138,Europe (EU),,,47.000000,8.000000
195.2.21.177,Europe (EU),,,47.000000,8.000000
195.2.21.197,Europe (EU),,,47.000000,8.000000
195.2.21.198,Europe (EU),,,47.000000,8.000000
195.2.22.65,Europe (EU),,,47.000000,8.000000
195.2.25.101,Europe (EU),,,47.000000,8.000000
195.2.25.102,Europe (EU),,,47.000000,8.000000
195.2.25.105,Europe (EU),,,47.000000,8.000000
195.2.25.106,Europe (EU),,,47.000000,8.000000
195.2.25.18,Europe (EU),,,47.000000,8.000000
195.2.25.197,Europe (EU),,,47.000000,8.000000
195.2.25.201,Europe (EU),,,47.000000,8.000000
195.2.25.202,Europe (EU),,,47.000000,8.000000
195.2.25.21,Europe (EU),,,47.000000,8.000000
195.2.25.221,Europe (EU),,,47.000000,8.000000
195.2.25.222,Europe (EU),,,47.000000,8.000000
195.2.25.30,Europe (EU),,,47.000000,8.000000
195.2.25.57,Europe (EU),,,47.000000,8.000000
195.2.25.58,Europe (EU),,,47.000000,8.000000
195.2.25.89,Europe (EU),,,47.000000,8.000000
195.2.25.90,Europe (EU),,,47.000000,8.000000
195.2.25.93,Europe (EU),,,47.000000,8.000000
195.2.25.94,Europe (EU),,,47.000000,8.000000
195.2.25.97,Europe (EU),,,47.000000,8.000000
195.2.25.98,Europe (EU),,,47.000000,8.000000
195.219.144.10,United Kingdom (GB),,,54.000000,-2.000000
195.219.144.9,United Kingdom (GB),,,54.000000,-2.000000
195.219.144.98,United Kingdom (GB),,,54.000000,-2.000000
195.219.180.97,Germany (DE),,,51.000000,9.000000
195.219.195.10,United Kingdom (GB),,,54.000000,-2.000000
195.219.195.9,United Kingdom (GB),,,54.000000,-2.000000
195.219.195.90,United Kingdom (GB),,,54.000000,-2.000000
208.49.224.161,United States (US),,,38.000000,-97.000000
208.49.224.162,United States (US),,,38.000000,-97.000000
212.184.27.185,Germany (DE),,,51.000000,9.000000
212.184.27.186,Germany (DE),,,51.000000,9.000000
212.184.27.21,Germany (DE),,,51.000000,9.000000
212.184.27.22,Germany (DE),,,51.000000,9.000000
213.155.141.153,Europe (EU),,,47.000000,8.000000
213.242.110.169,France (FR),,,46.000000,2.000000
213.242.110.170,France (FR),,,46.000000,2.000000
213.248.100.93,Europe (EU),,,47.000000,8.000000
213.248.100.94,Europe (EU),,,47.000000,8.000000
213.248.65.117,Europe (EU),,,47.000000,8.000000
213.248.65.209,Europe (EU),,,47.000000,8.000000
213.248.65.210,Europe (EU),,,47.000000,8.000000
213.248.65.89,Europe (EU),,,47.000000,8.000000
213.248.65.93,Europe (EU),,,47.000000,8.000000
213.248.65.97,Europe (EU),,,47.000000,8.000000
213.248.65.98,Europe (EU),,,47.000000,8.000000
213.248.77.50,Europe (EU),,,47.000000,8.000000
213.248.80.145,Europe (EU),,,47.000000,8.000000
213.248.80.148,Europe (EU),,,47.000000,8.000000
213.248.82.14,Europe (EU),,,47.000000,8.000000
213.248.82.238,Europe (EU),,,47.000000,8.000000
213.248.88.46,Europe (EU),,,47.000000,8.000000
213.248.90.237,Europe (EU),,,47.000000,8.000000
213.248.91.162,Europe (EU),,,47.000000,8.000000
213.248.96.101,Europe (EU),,,47.000000,8.000000
213.248.96.82,Europe (EU),,,47.000000,8.000000
217.118.224.54,France (FR),,,46.000000,2.000000
217.147.128.37,Italy (IT),,,42.833302,12.833300
217.147.128.38,Italy (IT),,,42.833302,12.833300
217.147.128.41,Italy (IT),,,42.833302,12.833300
217.147.128.42,Italy (IT),,,42.833302,12.833300
217.147.129.65,Italy (IT),,,42.833302,12.833300
217.147.129.66,Italy (IT),,,42.833302,12.833300
29.193.129.12,United States (US),,,38.000000,-97.000000
30.193.129.12,United States (US),,,38.000000,-97.000000
4.53.84.222,United States (US),,,38.000000,-97.000000
4.68.101.30,United States (US),,,38.000000,-97.000000
4.68.101.62,United States (US),,,38.000000,-97.000000
4.68.111.101,United States (US),,,38.000000,-97.000000
4.68.111.141,United States (US),,,38.000000,-97.000000
4.68.111.142,United States (US),,,38.000000,-97.000000
4.68.111.146,United States (US),,,38.000000,-97.000000
4.68.111.170,United States (US),,,38.000000,-97.000000
4.68.111.90,United States (US),,,38.000000,-97.000000
4.68.16.137,United States (US),,,38.000000,-97.000000
4.68.16.196,United States (US),,,38.000000,-97.000000
4.68.16.201,United States (US),,,38.000000,-97.000000
4.68.16.4,United States (US),,,38.000000,-97.000000
4.68.16.68,United States (US),,,38.000000,-97.000000
4.68.16.73,United States (US),,,38.000000,-97.000000
4.68.16.9,United States (US),,,38.000000,-97.000000
4.68.17.146,United States (US),,,38.000000,-97.000000
4.68.17.18,United States (US),,,38.000000,-97.000000
4.68.17.210,United States (US),,,38.000000,-97.000000
4.68.17.82,United States (US),,,38.000000,-97.000000
4.68.18.132,United States (US),,,38.000000,-97.000000
4.68.18.190,United States (US),,,38.000000,-97.000000
4.68.18.196,United States (US),,,38.000000,-97.000000
4.68.18.4,United States (US),,,38.000000,-97.000000
4.68.18.68,United States (US),,,38.000000,-97.000000
4.68.23.11,United States (US),,,38.000000,-97.000000
4.68.23.12,United States (US),,,38.000000,-97.000000
4.68.23.126,United States (US),,,38.000000,-97.000000
4.68.23.139,United States (US),,,38.000000,-97.000000
4.68.23.14,United States (US),,,38.000000,-97.000000
4.68.23.140,United States (US),,,38.000000,-97.000000
4.68.23.142,United States (US),,,38.000000,-97.000000
4.68.23.190,United States (US),,,38.000000,-97.000000
4.68.23.203,United States (US),,,38.000000,-97.000000
4.68.23.204,United States (US),,,38.000000,-97.000000
4.68.23.206,United States (US),,,38.000000,-97.000000
4.68.23.254,United States (US),,,38.000000,-97.000000
4.68.23.62,United States (US),,,38.000000,-97.000000
4.68.23.75,United States (US),,,38.000000,-97.000000
4.68.23.76,United States (US),,,38.000000,-97.000000
4.68.23.78,United States (US),,,38.000000,-97.000000
4.68.62.26,United States (US),,,38.000000,-97.000000
4.68.62.30,United States (US),,,38.000000,-97.000000
4.68.62.34,United States (US),,,38.000000,-97.000000
4.68.63.105,United States (US),,,38.000000,-97.000000
4.68.63.121,United States (US),,,38.000000,-97.000000
4.69.132.113,United States (US),,,38.000000,-97.000000
4.69.132.114,United States (US),,,38.000000,-97.000000
4.69.132.134,United States (US),,,38.000000,-97.000000
4.69.132.137,United States (US),,,38.000000,-97.000000
4.69.132.138,United States (US),,,38.000000,-97.000000
4.69.132.37,United States (US),,,38.000000,-97.000000
4.69.132.38,United States (US),,,38.000000,-97.000000
4.69.132.57,United States (US),,,38.000000,-97.000000
4.69.132.61,United States (US),,,38.000000,-97.000000
4.69.132.62,United States (US),,,38.000000,-97.000000
4.69.132.69,United States (US),,,38.000000,-97.000000
4.69.132.70,United States (US),,,38.000000,-97.000000
4.69.132.82,United States (US),,,38.000000,-97.000000
4.69.132.9,United States (US),,,38.000000,-97.000000
4.69.132.93,United States (US),,,38.000000,-97.000000
4.69.132.94,United States (US),,,38.000000,-97.000000
4.69.133.109,United States (US),,,38.000000,-97.000000
4.69.133.110,United States (US),,,38.000000,-97.000000
4.69.133.113,United States (US),,,38.000000,-97.000000
4.69.133.114,United States (US),,,38.000000,-97.000000
4.69.133.117,United States (US),,,38.000000,-97.000000
4.69.133.118,United States (US),,,38.000000,-97.000000
4.69.133.121,United States (US),,,38.000000,-97.000000
4.69.133.122,United States (US),,,38.000000,-97.000000
4.69.133.125,United States (US),,,38.000000,-97.000000
4.69.133.126,United States (US),,,38.000000,-97.000000
4.69.133.89,United States (US),,,38.000000,-97.000000
4.69.133.90,United States (US),,,38.000000,-97.000000
4.69.134.114,United States (US),,,38.000000,-97.000000
4.69.134.117,United States (US),,,38.000000,-97.000000
4.69.134.118,United States (US),,,38.000000,-97.000000
4.69.134.121,United States (US),,,38.000000,-97.000000
4.69.134.122,United States (US),,,38.000000,-97.000000
4.69.134.125,United States (US),,,38.000000,-97.000000
4.69.134.126,United States (US),,,38.000000,-97.000000
4.69.134.145,United States (US),,,38.000000,-97.000000
4.69.134.146,United States (US),,,38.000000,-97.000000
4.69.134.149,United States (US),,,38.000000,-97.000000
4.69.134.150,United States (US),,,38.000000,-97.000000
4.69.134.153,United States (US),,,38.000000,-97.000000
4.69.134.154,United States (US),,,38.000000,-97.000000
4.69.134.157,United States (US),,,38.000000,-97.000000
4.69.134.158,United States (US),,,38.000000,-97.000000
4.69.134.177,United States (US),,,38.000000,-97.000000
4.69.134.178,United States (US),,,38.000000,-97.000000
4.69.134.181,United States (US),,,38.000000,-97.000000
4.69.134.182,United States (US),,,38.000000,-97.000000
4.69.134.185,United States (US),,,38.000000,-97.000000
4.69.134.186,United States (US),,,38.000000,-97.000000
4.69.134.189,United States (US),,,38.000000,-97.000000
4.69.134.190,United States (US),,,38.000000,-97.000000
4.69.134.210,United States (US),,,38.000000,-97.000000
4.69.134.214,United States (US),,,38.000000,-97.000000
4.69.134.218,United States (US),,,38.000000,-97.000000
4.69.134.222,United States (US),,,38.000000,-97.000000
4.69.134.226,United States (US),,,38.000000,-97.000000
4.69.134.230,United States (US),,,38.000000,-97.000000
4.69.134.234,United States (US),,,38.000000,-97.000000
4.69.134.238,United States (US),,,38.000000,-97.000000
4.69.134.241,United States (US),,,38.000000,-97.000000
4.69.134.242,United States (US),,,38.000000,-97.000000
4.69.134.246,United States (US),,,38.000000,-97.000000
4.69.134.249,United States (US),,,38.000000,-97.000000
4.69.134.250,United States (US),,,38.000000,-97.000000
4.69.134.253,United States (US),,,38.000000,-97.000000
4.69.134.254,United States (US),,,38.000000,-97.000000
4.69.134.65,United States (US),,,38.000000,-97.000000
4.69.134.66,United States (US),,,38.000000,-97.000000
4.69.134.69,United States (US),,,38.000000,-97.000000
4.69.134.70,United States (US),,,38.000000,-97.000000
4.69.134.73,United States (US),,,38.000000,-97.000000
4.69.134.74,United States (US),,,38.000000,-97.000000
4.69.134.77,United States (US),,,38.000000,-97.000000
4.69.134.78,United States (US),,,38.000000,-97.000000
4.69.135.185,United States (US),,,38.000000,-97.000000
4.69.135.186,United States (US),,,38.000000,-97.000000
4.69.137.49,United States (US),,,38.000000,-97.000000
4.69.137.50,United States (US),,,38.000000,-97.000000
4.69.137.53,United States (US),,,38.000000,-97.000000
4.69.137.54,United States (US),,,38.000000,-97.000000
4.69.137.57,United States (US),,,38.000000,-97.000000
4.69.137.58,United States (US),,,38.000000,-97.000000
4.69.137.61,United States (US),,,38.000000,-97.000000
4.69.137.62,United States (US),,,38.000000,-97.000000
4.69.137.65,United States (US),,,38.000000,-97.000000
4.69.137.66,United States (US),,,38.000000,-97.000000
4.69.137.69,United States (US),,,38.000000,-97.000000
4.69.137.70,United States (US),,,38.000000,-97.000000
4.69.137.73,United States (US),,,38.000000,-97.000000
4.69.137.74,United States (US),,,38.000000,-97.000000
4.69.137.77,United States (US),,,38.000000,-97.000000
4.69.137.78,United States (US),,,38.000000,-97.000000
4.69.139.102,United States (US),,,38.000000,-97.000000
4.69.139.138,United States (US),,,38.000000,-97.000000
4.69.139.97,United States (US),,,38.000000,-97.000000
4.69.139.99,United States (US),,,38.000000,-97.000000
4.69.140.17,United States (US),,,38.000000,-97.000000
4.69.140.18,United States (US),,,38.000000,-97.000000
4.69.140.190,United States (US),,,38.000000,-97.000000
4.69.140.194,United States (US),,,38.000000,-97.000000
4.69.140.197,United States (US),,,38.000000,-97.000000
4.69.140.198,United States (US),,,38.000000,-97.000000
4.69.140.21,United States (US),,,38.000000,-97.000000
4.69.140.22,United States (US),,,38.000000,-97.000000
4.69.140.25,United States (US),,,38.000000,-97.000000
4.69.140.26,United States (US),,,38.000000,-97.000000
4.69.140.29,United States (US),,,38.000000,-97.000000
4.69.140.30,United States (US),,,38.000000,-97.000000
4.69.141.149,United States (US),,,38.000000,-97.000000
4.69.141.150,United States (US),,,38.000000,-97.000000
4.69.141.169,United States (US),,,38.000000,-97.000000
4.69.142.169,United States (US),,,38.000000,-97.000000
4.69.142.170,United States (US),,,38.000000,-97.000000
4.69.144.10,United States (US),,,38.000000,-97.000000
4.69.144.114,United States (US),,,38.000000,-97.000000
4.69.144.116,United States (US),,,38.000000,-97.000000
4.69.144.135,United States (US),,,38.000000,-97.000000
4.69.144.137,United States (US),,,38.000000,-97.000000
4.69.144.138,United States (US),,,38.000000,-97.000000
4.69.144.178,United States (US),,,38.000000,-97.000000
4.69.144.180,United States (US),,,38.000000,-97.000000
4.69.144.199,United States (US),,,38.000000,-97.000000
4.69.144.201,United States (US),,,38.000000,-97.000000
4.69.144.202,United States (US),,,38.000000,-97.000000
4.69.144.242,United States (US),,,38.000000,-97.000000
4.69.144.244,United States (US),,,38.000000,-97.000000
4.69.144.50,United States (US),,,38.000000,-97.000000
4.69.144.52,United States (US),,,38.000000,-97.000000
4.69.144.7,United States (US),,,38.000000,-97.000000
4.69.144.71,United States (US),,,38.000000,-97.000000
4.69.144.74,United States (US),,,38.000000,-97.000000
4.69.144.9,United States (US),,,38.000000,-97.000000
4.71.176.5,United States (US),,,38.000000,-97.000000
4.71.176.6,United States (US),,,38.000000,-97.000000
4.78.195.201,United States (US),,,38.000000,-97.000000
4.78.195.202,United States (US),,,38.000000,-97.000000
4.79.42.229,United States (US),,,38.000000,-97.000000
4.79.42.230,United States (US),,,38.000000,-97.000000
62.154.5.201,Germany (DE),,,51.000000,9.000000
64.152.45.198,United States (US),,,38.000000,-97.000000
64.208.27.81,United States (US),,,38.000000,-97.000000
64.212.32.234,United States (US),,,38.000000,-97.000000
64.214.141.25,United States (US),,,38.000000,-97.000000
64.214.141.26,United States (US),,,38.000000,-97.000000
64.215.195.209,United States (US),,,38.000000,-97.000000
64.230.158.26,Canada (CA),,,60.000000,-95.000000
64.230.176.177,Canada (CA),,,60.000000,-95.000000
64.230.176.201,Canada (CA),,,60.000000,-95.000000
66.59.190.153,Canada (CA),,,60.000000,-95.000000
66.59.190.154,Canada (CA),,,60.000000,-95.000000
66.59.190.50,Canada (CA),,,60.000000,-95.000000
66.59.190.61,Canada (CA),,,60.000000,-95.000000
66.59.190.62,Canada (CA),,,60.000000,-95.000000
66.59.190.97,Canada (CA),,,60.000000,-95.000000
66.59.191.109,Canada (CA),,,60.000000,-95.000000
66.59.191.110,Canada (CA),,,60.000000,-95.000000
66.59.191.133,Canada (CA),,,60.000000,-95.000000
66.59.191.141,Canada (CA),,,60.000000,-95.000000
66.59.191.142,Canada (CA),,,60.000000,-95.000000
66.59.191.149,Canada (CA),,,60.000000,-95.000000
66.59.191.150,Canada (CA),,,60.000000,-95.000000
66.59.191.157,Canada (CA),,,60.000000,-95.000000
66.59.191.158,Canada (CA),,,60.000000,-95.000000
66.59.191.177,Canada (CA),,,60.000000,-95.000000
66.59.191.209,Canada (CA),,,60.000000,-95.000000
66.59.191.210,Canada (CA),,,60.000000,-95.000000
66.59.191.221,Canada (CA),,,60.000000,-95.000000
66.59.191.229,Canada (CA),,,60.000000,-95.000000
66.59.191.230,Canada (CA),,,60.000000,-95.000000
66.59.191.25,Canada (CA),,,60.000000,-95.000000
66.59.191.26,Canada (CA),,,60.000000,-95.000000
66.59.191.33,Canada (CA),,,60.000000,-95.000000
66.59.191.34,Canada (CA),,,60.000000,-95.000000
66.59.191.37,Canada (CA),,,60.000000,-95.000000
66.59.191.38,Canada (CA),,,60.000000,-95.000000
66.59.191.85,Canada (CA),,,60.000000,-95.000000
66.59.191.86,Canada (CA),,,60.000000,-95.000000
67.17.106.245,United States (US),,,38.000000,-97.000000
67.17.106.246,United States (US),,,38.000000,-97.000000
67.17.109.118,United States (US),,,38.000000,-97.000000
67.17.109.213,United States (US),,,38.000000,-97.000000
67.69.199.121,Canada (CA),,,60.000000,-95.000000
67.69.199.126,Canada (CA),,,60.000000,-95.000000
80.239.193.246,Poland (PL),,,52.000000,20.000000
80.77.64.34,Denmark (DK),,,56.000000,10.000000
80.77.96.100,Sweden (SE),,,62.000000,15.000000
80.77.97.22,Sweden (SE),,,62.000000,15.000000
80.77.97.54,Sweden (SE),,,62.000000,15.000000
80.91.246.19,Europe (EU),,,47.000000,8.000000
80.91.247.172,Europe (EU),,,47.000000,8.000000
80.91.247.188,Europe (EU),,,47.000000,8.000000
80.91.247.189,Europe (EU),,,47.000000,8.000000
80.91.247.190,Europe (EU),,,47.000000,8.000000
80.91.247.241,Europe (EU),,,47.000000,8.000000
80.91.247.255,Europe (EU),,,47.000000,8.000000
80.91.247.35,Europe (EU),,,47.000000,8.000000
80.91.247.38,Europe (EU),,,47.000000,8.000000
80.91.247.79,Europe (EU),,,47.000000,8.000000
80.91.247.88,Europe (EU),,,47.000000,8.000000
80.91.247.91,Europe (EU),,,47.000000,8.000000
80.91.248.138,Europe (EU),,,47.000000,8.000000
80.91.248.158,Europe (EU),,,47.000000,8.000000
80.91.248.193,Europe (EU),,,47.000000,8.000000
80.91.248.197,Europe (EU),,,47.000000,8.000000
80.91.248.208,Europe (EU),,,47.000000,8.000000
80.91.248.214,Europe (EU),,,47.000000,8.000000
80.91.248.253,Europe (EU),,,47.000000,8.000000
80.91.248.61,Europe (EU),,,47.000000,8.000000
80.91.248.65,Europe (EU),,,47.000000,8.000000
80.91.248.69,Europe (EU),,,47.000000,8.000000
80.91.248.89,Europe (EU),,,47.000000,8.000000
80.91.249.109,Europe (EU),,,47.000000,8.000000
80.91.249.111,Europe (EU),,,47.000000,8.000000
80.91.249.115,Europe (EU),,,47.000000,8.000000
80.91.249.16,Europe (EU),,,47.000000,8.000000
80.91.249.176,Europe (EU),,,47.000000,8.000000
80.91.249.179,Europe (EU),,,47.000000,8.000000
80.91.249.181,Europe (EU),,,47.000000,8.000000
80.91.249.248,Europe (EU),,,47.000000,8.000000
80.91.249.249,Europe (EU),,,47.000000,8.000000
80.91.249.45,Europe (EU),,,47.000000,8.000000
80.91.250.146,Europe (EU),,,47.000000,8.000000
80.91.250.169,Europe (EU),,,47.000000,8.000000
80.91.250.209,Europe (EU),,,47.000000,8.000000
80.91.250.225,Europe (EU),,,47.000000,8.000000
80.91.250.226,Europe (EU),,,47.000000,8.000000
80.91.250.229,Europe (EU),,,47.000000,8.000000
80.91.250.230,Europe (EU),,,47.000000,8.000000
80.91.251.121,Europe (EU),,,47.000000,8.000000
80.91.251.123,Europe (EU),,,47.000000,8.000000
80.91.251.124,Europe (EU),,,47.000000,8.000000
80.91.251.125,Europe (EU),,,47.000000,8.000000
80.91.251.126,Europe (EU),,,47.000000,8.000000
80.91.251.206,Europe (EU),,,47.000000,8.000000
80.91.251.207,Europe (EU),,,47.000000,8.000000
80.91.251.208,Europe (EU),,,47.000000,8.000000
80.91.251.209,Europe (EU),,,47.000000,8.000000
80.91.251.210,Europe (EU),,,47.000000,8.000000
80.91.251.250,Europe (EU),,,47.000000,8.000000
80.91.251.28,Europe (EU),,,47.000000,8.000000
80.91.252.162,Europe (EU),,,47.000000,8.000000
80.91.252.197,Europe (EU),,,47.000000,8.000000
80.91.252.205,Europe (EU),,,47.000000,8.000000
80.91.252.209,Europe (EU),,,47.000000,8.000000
80.91.252.217,Europe (EU),,,47.000000,8.000000
80.91.252.229,Europe (EU),,,47.000000,8.000000
80.91.252.233,Europe (EU),,,47.000000,8.000000
80.91.252.57,Europe (EU),,,47.000000,8.000000
80.91.252.62,Europe (EU),,,47.000000,8.000000
80.91.253.106,Europe (EU),,,47.000000,8.000000
80.91.253.117,Europe (EU),,,47.000000,8.000000
80.91.254.205,Europe (EU),,,47.000000,8.000000
80.91.254.208,Europe (EU),,,47.000000,8.000000
80.91.254.250,Europe (EU),,,47.000000,8.000000
89.96.200.1,Italy (IT),,,42.833302,12.833300
89.96.200.110,Italy (IT),,,42.833302,12.833300
89.96.200.114,Italy (IT),,,42.833302,12.833300
89.96.200.18,Italy (IT),,,42.833302,12.833300
89.96.200.21,Italy (IT),,,42.833302,12.833300
89.96.200.5,Italy (IT),,,42.833302,12.833300
89.97.200.245,Italy (IT),,,42.833302,12.833300
89.97.200.250,Italy (IT),,,42.833302,12.833300
89.97.200.254,Italy (IT),,,42.833302,12.833300
89.97.200.81,Italy (IT),,,42.833302,12.833300
89.97.200.83,Italy (IT),,,42.833302,12.833300
89.97.200.89,Italy (IT),,,42.833302,12.833300
89.97.200.91,Italy (IT),,,42.833302,12.833300
93.63.100.13,Italy (IT),,,42.833302,12.833300
93.63.100.18,Italy (IT),,,42.833302,12.833300
93.63.100.37,Italy (IT),,,42.833302,12.833300
93.63.100.41,Italy (IT),,,42.833302,12.833300
93.63.100.9,Italy (IT),,,42.833302,12.833300
195.69.144.54,Netherlands (NL),Amsterdam,,52.349998,4.916700
195.69.145.122,Netherlands (NL),Amsterdam,,52.349998,4.916700
69.22.142.101,United States (US),Ashburn,VA,39.033501,-77.483803
69.22.142.102,United States (US),Ashburn,VA,39.033501,-77.483803
69.22.142.2,United States (US),Ashburn,VA,39.033501,-77.483803
69.22.142.22,United States (US),Ashburn,VA,39.033501,-77.483803
69.22.142.26,United States (US),Ashburn,VA,39.033501,-77.483803
69.22.142.27,United States (US),Ashburn,VA,39.033501,-77.483803
69.22.142.62,United States (US),Ashburn,VA,39.033501,-77.483803
69.22.142.63,United States (US),Ashburn,VA,39.033501,-77.483803
69.22.142.85,United States (US),Ashburn,VA,39.033501,-77.483803
69.22.142.86,United States (US),Ashburn,VA,39.033501,-77.483803
69.22.142.96,United States (US),Ashburn,VA,39.033501,-77.483803
69.22.142.97,United States (US),Ashburn,VA,39.033501,-77.483803
69.22.143.113,United States (US),Ashburn,VA,39.033501,-77.483803
69.22.143.114,United States (US),Ashburn,VA,39.033501,-77.483803
69.22.153.5,United States (US),Ashburn,VA,39.033501,-77.483803
69.22.153.6,United States (US),Ashburn,VA,39.033501,-77.483803
66.162.47.57,United States (US),Aurora,CO,39.627602,-104.783302
66.162.47.58,United States (US),Aurora,CO,39.627602,-104.783302
164.128.251.1,Switzerland (CH),Bern,,46.916698,7.466700
164.128.251.50,Switzerland (CH),Bern,,46.916698,7.466700
164.128.33.162,Switzerland (CH),Bern,,46.916698,7.466700
164.128.33.169,Switzerland (CH),Bern,,46.916698,7.466700
164.128.33.209,Switzerland (CH),Bern,,46.916698,7.466700
138.187.129.100,Switzerland (CH),Berne,,46.916698,7.466700
138.187.129.105,Switzerland (CH),Berne,,46.916698,7.466700
138.187.129.110,Switzerland (CH),Berne,,46.916698,7.466700
138.187.129.137,Switzerland (CH),Berne,,46.916698,7.466700
138.187.129.193,Switzerland (CH),Berne,,46.916698,7.466700
138.187.129.74,Switzerland (CH),Berne,,46.916698,7.466700
138.187.130.160,Switzerland (CH),Berne,,46.916698,7.466700
138.187.130.161,Switzerland (CH),Berne,,46.916698,7.466700
138.187.130.169,Switzerland (CH),Berne,,46.916698,7.466700
138.187.130.180,Switzerland (CH),Berne,,46.916698,7.466700
138.187.130.181,Switzerland (CH),Berne,,46.916698,7.466700
138.187.130.191,Switzerland (CH),Berne,,46.916698,7.466700
138.187.130.24,Switzerland (CH),Berne,,46.916698,7.466700
138.187.130.25,Switzerland (CH),Berne,,46.916698,7.466700
138.187.130.96,Switzerland (CH),Berne,,46.916698,7.466700
138.187.157.33,Switzerland (CH),Berne,,46.916698,7.466700
138.187.157.34,Switzerland (CH),Berne,,46.916698,7.466700
138.187.157.5,Switzerland (CH),Berne,,46.916698,7.466700
138.187.157.6,Switzerland (CH),Berne,,46.916698,7.466700
138.187.159.21,Switzerland (CH),Berne,,46.916698,7.466700
138.187.159.22,Switzerland (CH),Berne,,46.916698,7.466700
138.187.159.45,Switzerland (CH),Berne,,46.916698,7.466700
138.187.159.46,Switzerland (CH),Berne,,46.916698,7.466700
138.187.159.57,Switzerland (CH),Berne,,46.916698,7.466700
138.187.159.58,Switzerland (CH),Berne,,46.916698,7.466700
66.186.192.197,United States (US),Boca Raton,FL,26.381800,-80.104599
66.186.192.198,United States (US),Boca Raton,FL,26.381800,-80.104599
66.186.192.202,United States (US),Boca Raton,FL,26.381800,-80.104599
66.186.192.21,United States (US),Boca Raton,FL,26.381800,-80.104599
66.186.192.22,United States (US),Boca Raton,FL,26.381800,-80.104599
66.186.192.45,United States (US),Boca Raton,FL,26.381800,-80.104599
66.186.192.46,United States (US),Boca Raton,FL,26.381800,-80.104599
66.216.1.121,United States (US),Boca Raton,FL,26.381800,-80.104599
66.216.1.122,United States (US),Boca Raton,FL,26.381800,-80.104599
66.216.1.126,United States (US),Boca Raton,FL,26.381800,-80.104599
66.216.1.141,United States (US),Boca Raton,FL,26.381800,-80.104599
66.216.1.142,United States (US),Boca Raton,FL,26.381800,-80.104599
66.216.1.157,United States (US),Boca Raton,FL,26.381800,-80.104599
66.216.1.158,United States (US),Boca Raton,FL,26.381800,-80.104599
66.216.1.161,United States (US),Boca Raton,FL,26.381800,-80.104599
66.216.1.162,United States (US),Boca Raton,FL,26.381800,-80.104599
66.216.1.2,United States (US),Boca Raton,FL,26.381800,-80.104599
66.216.1.245,United States (US),Boca Raton,FL,26.381800,-80.104599
66.216.1.253,United States (US),Boca Raton,FL,26.381800,-80.104599
66.216.1.254,United States (US),Boca Raton,FL,26.381800,-80.104599
66.216.1.49,United States (US),Boca Raton,FL,26.381800,-80.104599
66.216.1.50,United States (US),Boca Raton,FL,26.381800,-80.104599
66.216.1.93,United States (US),Boca Raton,FL,26.381800,-80.104599
66.216.1.94,United States (US),Boca Raton,FL,26.381800,-80.104599
66.216.48.213,United States (US),Boca Raton,FL,26.381800,-80.104599
66.216.48.214,United States (US),Boca Raton,FL,26.381800,-80.104599
66.216.48.217,United States (US),Boca Raton,FL,26.381800,-80.104599
64.127.128.145,United States (US),Bridgeport,WV,39.284401,-80.230698
64.127.128.146,United States (US),Bridgeport,WV,39.284401,-80.230698
64.127.128.237,United States (US),Bridgeport,WV,39.284401,-80.230698
64.127.128.238,United States (US),Bridgeport,WV,39.284401,-80.230698
64.127.129.113,United States (US),Bridgeport,WV,39.284401,-80.230698
64.127.129.114,United States (US),Bridgeport,WV,39.284401,-80.230698
64.127.129.61,United States (US),Bridgeport,WV,39.284401,-80.230698
64.127.129.62,United States (US),Bridgeport,WV,39.284401,-80.230698
64.127.130.49,United States (US),Bridgeport,WV,39.284401,-80.230698
64.127.130.50,United States (US),Bridgeport,WV,39.284401,-80.230698
64.127.130.54,United States (US),Bridgeport,WV,39.284401,-80.230698
64.127.130.57,United States (US),Bridgeport,WV,39.284401,-80.230698
64.127.130.58,United States (US),Bridgeport,WV,39.284401,-80.230698
64.132.69.221,United States (US),Brookfield,WI,43.060799,-88.155800
193.19.194.133,Romania (RO),Bucharest,,44.433300,26.100000
193.19.194.134,Romania (RO),Bucharest,,44.433300,26.100000
193.19.194.209,Romania (RO),Bucharest,,44.433300,26.100000
193.19.194.210,Romania (RO),Bucharest,,44.433300,26.100000
193.19.194.61,Romania (RO),Bucharest,,44.433300,26.100000
193.19.194.62,Romania (RO),Bucharest,,44.433300,26.100000
193.19.194.85,Romania (RO),Bucharest,,44.433300,26.100000
193.19.194.86,Romania (RO),Bucharest,,44.433300,26.100000
193.19.195.10,Romania (RO),Bucharest,,44.433300,26.100000
193.19.195.29,Romania (RO),Bucharest,,44.433300,26.100000
193.19.195.30,Romania (RO),Bucharest,,44.433300,26.100000
193.19.195.33,Romania (RO),Bucharest,,44.433300,26.100000
193.19.195.34,Romania (RO),Bucharest,,44.433300,26.100000
193.19.195.44,Romania (RO),Bucharest,,44.433300,26.100000
193.19.195.46,Romania (RO),Bucharest,,44.433300,26.100000
193.19.195.50,Romania (RO),Bucharest,,44.433300,26.100000
193.19.195.52,Romania (RO),Bucharest,,44.433300,26.100000
193.19.195.54,Romania (RO),Bucharest,,44.433300,26.100000
193.19.195.9,Romania (RO),Bucharest,,44.433300,26.100000
86.55.0.49,Romania (RO),Bucharest,,44.433300,26.100000
86.55.0.50,Romania (RO),Bucharest,,44.433300,26.100000
154.11.10.150,Canada (CA),Burnaby,BC,49.250000,-122.949997
154.11.10.186,Canada (CA),Burnaby,BC,49.250000,-122.949997
154.11.10.190,Canada (CA),Burnaby,BC,49.250000,-122.949997
154.11.10.217,Canada (CA),Burnaby,BC,49.250000,-122.949997
154.11.10.230,Canada (CA),Burnaby,BC,49.250000,-122.949997
154.11.11.142,Canada (CA),Burnaby,BC,49.250000,-122.949997
154.11.11.178,Canada (CA),Burnaby,BC,49.250000,-122.949997
154.11.11.246,Canada (CA),Burnaby,BC,49.250000,-122.949997
154.11.11.30,Canada (CA),Burnaby,BC,49.250000,-122.949997
154.11.11.70,Canada (CA),Burnaby,BC,49.250000,-122.949997
154.11.11.98,Canada (CA),Burnaby,BC,49.250000,-122.949997
154.11.12.201,Canada (CA),Burnaby,BC,49.250000,-122.949997
154.11.2.102,Canada (CA),Burnaby,BC,49.250000,-122.949997
154.11.2.122,Canada (CA),Burnaby,BC,49.250000,-122.949997
154.11.2.205,Canada (CA),Burnaby,BC,49.250000,-122.949997
154.11.2.218,Canada (CA),Burnaby,BC,49.250000,-122.949997
154.11.2.53,Canada (CA),Burnaby,BC,49.250000,-122.949997
154.11.3.213,Canada (CA),Burnaby,BC,49.250000,-122.949997
154.11.3.217,Canada (CA),Burnaby,BC,49.250000,-122.949997
154.11.3.229,Canada (CA),Burnaby,BC,49.250000,-122.949997
154.11.3.230,Canada (CA),Burnaby,BC,49.250000,-122.949997
173.182.200.2,Canada (CA),Burnaby,BC,49.250000,-122.949997
67.69.246.150,Canada (CA),Cacouna,QC,47.916698,-69.500000
195.219.215.85,France (FR),,,48.933300,1.783300
195.219.241.110,France (FR),,,48.933300,1.783300
195.219.241.114,France (FR),,,48.933300,1.783300
195.219.241.17,France (FR),,,48.933300,1.783300
195.219.158.57,Spain (ES),,,38.400002,-0.583300
195.219.158.58,Spain (ES),,,38.400002,-0.583300
195.219.159.25,Spain (ES),,,38.400002,-0.583300
195.219.159.26,Spain (ES),,,38.400002,-0.583300
204.70.192.101,United States (US),Chesterfield,MO,38.650002,-90.533401
204.70.192.121,United States (US),Chesterfield,MO,38.650002,-90.533401
204.70.193.146,United States (US),Chesterfield,MO,38.650002,-90.533401
204.70.195.114,United States (US),Chesterfield,MO,38.650002,-90.533401
204.70.195.129,United States (US),Chesterfield,MO,38.650002,-90.533401
204.70.195.133,United States (US),Chesterfield,MO,38.650002,-90.533401
204.70.196.22,United States (US),Chesterfield,MO,38.650002,-90.533401
204.70.196.241,United States (US),Chesterfield,MO,38.650002,-90.533401
204.70.196.245,United States (US),Chesterfield,MO,38.650002,-90.533401
204.70.198.5,United States (US),Chesterfield,MO,38.650002,-90.533401
204.70.198.78,United States (US),Chesterfield,MO,38.650002,-90.533401
204.70.198.9,United States (US),Chesterfield,MO,38.650002,-90.533401
204.70.202.29,United States (US),Chesterfield,MO,38.650002,-90.533401
204.70.203.121,United States (US),Chesterfield,MO,38.650002,-90.533401
206.24.199.2,United States (US),Chesterfield,MO,38.650002,-90.533401
208.173.176.210,United States (US),Chesterfield,MO,38.650002,-90.533401
208.173.180.138,United States (US),Chesterfield,MO,38.650002,-90.533401
208.174.194.65,United States (US),Chesterfield,MO,38.650002,-90.533401
208.174.226.46,United States (US),Chesterfield,MO,38.650002,-90.533401
208.174.49.1,United States (US),Chesterfield,MO,38.650002,-90.533401
208.174.49.69,United States (US),Chesterfield,MO,38.650002,-90.533401
208.175.10.2,United States (US),Chesterfield,MO,38.650002,-90.533401
208.175.10.89,United States (US),Chesterfield,MO,38.650002,-90.533401
69.31.110.225,United States (US),Chicago,IL,41.882401,-87.637703
69.31.110.233,United States (US),Chicago,IL,41.882401,-87.637703
69.31.110.237,United States (US),Chicago,IL,41.882401,-87.637703
69.31.111.110,United States (US),Chicago,IL,41.882401,-87.637703
69.31.111.114,United States (US),Chicago,IL,41.882401,-87.637703
69.31.111.133,United States (US),Chicago,IL,41.882401,-87.637703
69.31.111.134,United States (US),Chicago,IL,41.882401,-87.637703
69.31.111.137,United States (US),Chicago,IL,41.882401,-87.637703
69.31.111.138,United States (US),Chicago,IL,41.882401,-87.637703
69.31.111.161,United States (US),Chicago,IL,41.882401,-87.637703
69.31.111.201,United States (US),Chicago,IL,41.882401,-87.637703
69.31.111.205,United States (US),Chicago,IL,41.882401,-87.637703
69.31.111.255,United States (US),Chicago,IL,41.882401,-87.637703
69.31.111.37,United States (US),Chicago,IL,41.882401,-87.637703
69.31.111.38,United States (US),Chicago,IL,41.882401,-87.637703
69.31.111.42,United States (US),Chicago,IL,41.882401,-87.637703
69.31.111.49,United States (US),Chicago,IL,41.882401,-87.637703
69.31.111.50,United States (US),Chicago,IL,41.882401,-87.637703
69.31.30.9,United States (US),Chicago,IL,41.882401,-87.637703
69.31.31.186,United States (US),Chicago,IL,41.882401,-87.637703
206.223.143.122,United States (US),Denver,CO,39.738800,-104.408302
206.223.143.63,United States (US),Denver,CO,39.738800,-104.408302
208.48.33.106,United States (US),Denver,CO,39.743698,-104.979301
213.200.64.93,Germany (DE),Dreieich,,50.000000,8.700000
213.200.64.94,Germany (DE),Dreieich,,50.000000,8.700000
213.200.65.150,Germany (DE),Dreieich,,50.000000,8.700000
213.200.66.185,Germany (DE),Dreieich,,50.000000,8.700000
213.200.66.57,Germany (DE),Dreieich,,50.000000,8.700000
213.200.68.153,Germany (DE),Dreieich,,50.000000,8.700000
213.200.68.154,Germany (DE),Dreieich,,50.000000,8.700000
213.200.70.37,Germany (DE),Dreieich,,50.000000,8.700000
213.200.72.69,Germany (DE),Dreieich,,50.000000,8.700000
213.200.72.70,Germany (DE),Dreieich,,50.000000,8.700000
213.200.77.129,Germany (DE),Dreieich,,50.000000,8.700000
213.200.78.237,Germany (DE),Dreieich,,50.000000,8.700000
213.200.80.197,Germany (DE),Dreieich,,50.000000,8.700000
213.200.81.125,Germany (DE),Dreieich,,50.000000,8.700000
213.200.81.98,Germany (DE),Dreieich,,50.000000,8.700000
213.200.82.14,Germany (DE),Dreieich,,50.000000,8.700000
213.200.82.30,Germany (DE),Dreieich,,50.000000,8.700000
213.200.82.5,Germany (DE),Dreieich,,50.000000,8.700000
213.200.82.86,Germany (DE),Dreieich,,50.000000,8.700000
213.200.86.66,Germany (DE),Dreieich,,50.000000,8.700000
77.67.64.245,Germany (DE),Dreieich,,50.000000,8.700000
77.67.64.246,Germany (DE),Dreieich,,50.000000,8.700000
77.67.66.210,Germany (DE),Dreieich,,50.000000,8.700000
77.67.67.194,Germany (DE),Dreieich,,50.000000,8.700000
77.67.68.42,Germany (DE),Dreieich,,50.000000,8.700000
77.67.68.45,Germany (DE),Dreieich,,50.000000,8.700000
77.67.72.14,Germany (DE),Dreieich,,50.000000,8.700000
77.67.72.41,Germany (DE),Dreieich,,50.000000,8.700000
77.67.72.45,Germany (DE),Dreieich,,50.000000,8.700000
89.149.183.25,Germany (DE),Dreieich,,50.000000,8.700000
89.149.184.10,Germany (DE),Dreieich,,50.000000,8.700000
89.149.184.117,Germany (DE),Dreieich,,50.000000,8.700000
89.149.184.205,Germany (DE),Dreieich,,50.000000,8.700000
89.149.184.53,Germany (DE),Dreieich,,50.000000,8.700000
89.149.184.65,Germany (DE),Dreieich,,50.000000,8.700000
89.149.184.66,Germany (DE),Dreieich,,50.000000,8.700000
89.149.184.69,Germany (DE),Dreieich,,50.000000,8.700000
89.149.184.70,Germany (DE),Dreieich,,50.000000,8.700000
89.149.184.77,Germany (DE),Dreieich,,50.000000,8.700000
89.149.184.78,Germany (DE),Dreieich,,50.000000,8.700000
89.149.184.85,Germany (DE),Dreieich,,50.000000,8.700000
89.149.184.86,Germany (DE),Dreieich,,50.000000,8.700000
89.149.185.114,Germany (DE),Dreieich,,50.000000,8.700000
89.149.185.161,Germany (DE),Dreieich,,50.000000,8.700000
89.149.185.17,Germany (DE),Dreieich,,50.000000,8.700000
89.149.185.177,Germany (DE),Dreieich,,50.000000,8.700000
89.149.185.193,Germany (DE),Dreieich,,50.000000,8.700000
89.149.185.198,Germany (DE),Dreieich,,50.000000,8.700000
89.149.185.218,Germany (DE),Dreieich,,50.000000,8.700000
89.149.185.222,Germany (DE),Dreieich,,50.000000,8.700000
89.149.185.237,Germany (DE),Dreieich,,50.000000,8.700000
89.149.185.46,Germany (DE),Dreieich,,50.000000,8.700000
89.149.185.5,Germany (DE),Dreieich,,50.000000,8.700000
89.149.185.61,Germany (DE),Dreieich,,50.000000,8.700000
89.149.185.77,Germany (DE),Dreieich,,50.000000,8.700000
89.149.185.81,Germany (DE),Dreieich,,50.000000,8.700000
89.149.185.89,Germany (DE),Dreieich,,50.000000,8.700000
89.149.186.142,Germany (DE),Dreieich,,50.000000,8.700000
89.149.186.145,Germany (DE),Dreieich,,50.000000,8.700000
89.149.186.169,Germany (DE),Dreieich,,50.000000,8.700000
89.149.186.181,Germany (DE),Dreieich,,50.000000,8.700000
89.149.186.182,Germany (DE),Dreieich,,50.000000,8.700000
89.149.186.201,Germany (DE),Dreieich,,50.000000,8.700000
89.149.186.22,Germany (DE),Dreieich,,50.000000,8.700000
89.149.186.34,Germany (DE),Dreieich,,50.000000,8.700000
89.149.186.37,Germany (DE),Dreieich,,50.000000,8.700000
89.149.186.38,Germany (DE),Dreieich,,50.000000,8.700000
89.149.186.69,Germany (DE),Dreieich,,50.000000,8.700000
89.149.187.182,Germany (DE),Dreieich,,50.000000,8.700000
89.149.187.186,Germany (DE),Dreieich,,50.000000,8.700000
89.149.187.214,Germany (DE),Dreieich,,50.000000,8.700000
89.149.187.218,Germany (DE),Dreieich,,50.000000,8.700000
89.149.187.233,Germany (DE),Dreieich,,50.000000,8.700000
217.239.37.42,Germany (DE),Echterdingen,,48.683300,9.166700
67.16.139.65,United States (US),Elwood,IL,41.415298,-88.106300
193.42.140.17,Italy (IT),Florence,,43.766701,11.250000
193.42.140.4,Italy (IT),Florence,,43.766701,11.250000
64.135.0.42,United States (US),Fort Lauderdale,FL,26.127501,-80.233101
64.135.0.43,United States (US),Fort Lauderdale,FL,26.127501,-80.233101
64.135.0.5,United States (US),Fort Lauderdale,FL,26.127501,-80.233101
64.135.0.6,United States (US),Fort Lauderdale,FL,26.127501,-80.233101
195.16.161.1,Germany (DE),Frankfurt,,50.116699,8.683300
80.81.192.107,Germany (DE),Frankfurt,,50.116699,8.683300
80.81.192.11,Germany (DE),Frankfurt,,50.116699,8.683300
80.81.192.144,Germany (DE),Frankfurt,,50.116699,8.683300
80.81.192.183,Germany (DE),Frankfurt,,50.116699,8.683300
80.81.192.220,Germany (DE),Frankfurt,,50.116699,8.683300
80.81.193.183,Germany (DE),Frankfurt,,50.116699,8.683300
216.66.77.113,United States (US),Fremont,CA,37.515499,-121.896202
72.52.92.101,United States (US),Fremont,CA,37.515499,-121.896202
72.52.92.121,United States (US),Fremont,CA,37.515499,-121.896202
72.52.92.225,United States (US),Fremont,CA,37.515499,-121.896202
72.52.92.242,United States (US),Fremont,CA,37.515499,-121.896202
72.52.92.26,United States (US),Fremont,CA,37.515499,-121.896202
72.52.92.34,United States (US),Fremont,CA,37.515499,-121.896202
72.52.92.62,United States (US),Fremont,CA,37.515499,-121.896202
72.52.92.70,United States (US),Fremont,CA,37.515499,-121.896202
72.52.92.74,United States (US),Fremont,CA,37.515499,-121.896202
72.52.92.78,United States (US),Fremont,CA,37.515499,-121.896202
72.52.92.85,United States (US),Fremont,CA,37.515499,-121.896202
72.52.92.90,United States (US),Fremont,CA,37.515499,-121.896202
209.8.108.61,United States (US),Herndon,VA,38.984100,-77.382698
209.8.108.62,United States (US),Herndon,VA,38.984100,-77.382698
209.8.108.65,United States (US),Herndon,VA,38.984100,-77.382698
63.218.115.109,United States (US),Herndon,VA,38.984100,-77.382698
63.218.252.106,United States (US),Herndon,VA,38.984100,-77.382698
63.218.94.17,United States (US),Herndon,VA,38.984100,-77.382698
63.218.94.18,United States (US),Herndon,VA,38.984100,-77.382698
63.218.94.2,United States (US),Herndon,VA,38.984100,-77.382698
12.88.228.13,United States (US),Holmdel,NJ,40.375401,-74.171204
12.88.228.14,United States (US),Holmdel,NJ,40.375401,-74.171204
77.67.79.1,Germany (DE),Isenburg,,50.483299,7.600000
77.67.79.14,Germany (DE),Isenburg,,50.483299,7.600000
77.67.79.173,Germany (DE),Isenburg,,50.483299,7.600000
77.67.79.250,Germany (DE),Isenburg,,50.483299,7.600000
77.67.79.5,Germany (DE),Isenburg,,50.483299,7.600000
77.67.79.6,Germany (DE),Isenburg,,50.483299,7.600000
66.209.64.153,United States (US),Las Vegas,NV,36.168701,-115.284103
66.209.64.154,United States (US),Las Vegas,NV,36.168701,-115.284103
66.209.64.161,United States (US),Las Vegas,NV,36.168701,-115.284103
66.209.64.162,United States (US),Las Vegas,NV,36.168701,-115.284103
66.209.64.181,United States (US),Las Vegas,NV,36.168701,-115.284103
66.209.64.182,United States (US),Las Vegas,NV,36.168701,-115.284103
66.209.64.193,United States (US),Las Vegas,NV,36.168701,-115.284103
66.209.64.194,United States (US),Las Vegas,NV,36.168701,-115.284103
66.209.87.105,United States (US),Las Vegas,NV,36.151100,-115.110497
66.209.87.106,United States (US),Las Vegas,NV,36.151100,-115.110497
206.169.83.1,United States (US),Littleton,CO,39.528999,-104.904999
64.128.212.33,United States (US),Littleton,CO,39.528999,-104.904999
66.192.240.94,United States (US),Littleton,CO,39.528999,-104.904999
66.192.241.218,United States (US),Littleton,CO,39.528999,-104.904999
66.192.243.138,United States (US),Littleton,CO,39.528999,-104.904999
66.192.243.234,United States (US),Littleton,CO,39.528999,-104.904999
66.192.243.98,United States (US),Littleton,CO,39.528999,-104.904999
66.192.244.20,United States (US),Littleton,CO,39.528999,-104.904999
66.192.245.116,United States (US),Littleton,CO,39.528999,-104.904999
66.192.245.68,United States (US),Littleton,CO,39.528999,-104.904999
66.192.246.53,United States (US),Littleton,CO,39.528999,-104.904999
66.192.250.114,United States (US),Littleton,CO,39.528999,-104.904999
66.192.250.254,United States (US),Littleton,CO,39.528999,-104.904999
66.192.252.101,United States (US),Littleton,CO,39.528999,-104.904999
66.192.252.45,United States (US),Littleton,CO,39.528999,-104.904999
66.192.253.26,United States (US),Littleton,CO,39.528999,-104.904999
193.203.5.14,United Kingdom (GB),London,,51.500198,-0.126200
193.203.5.216,United Kingdom (GB),London,,51.500198,-0.126200
195.50.90.201,United Kingdom (GB),London,,51.500198,-0.126200
195.66.224.110,United Kingdom (GB),London,,51.500198,-0.126200
195.66.224.114,United Kingdom (GB),London,,51.500198,-0.126200
195.66.224.29,United Kingdom (GB),London,,51.500198,-0.126200
195.66.224.37,United Kingdom (GB),London,,51.500198,-0.126200
195.66.224.76,United Kingdom (GB),London,,51.500198,-0.126200
195.66.225.101,United Kingdom (GB),London,,51.500198,-0.126200
195.66.225.113,United Kingdom (GB),London,,51.500198,-0.126200
195.66.225.30,United Kingdom (GB),London,,51.500198,-0.126200
212.113.10.69,United Kingdom (GB),London,,51.500198,-0.126200
212.113.10.70,United Kingdom (GB),London,,51.500198,-0.126200
213.161.92.182,United Kingdom (GB),London,,51.500198,-0.126200
217.163.45.82,United Kingdom (GB),London,,51.500198,-0.126200
198.32.118.36,United States (US),Marina Del Rey,CA,33.977699,-118.435097
198.32.118.52,United States (US),Marina Del Rey,CA,33.977699,-118.435097
198.32.118.68,United States (US),Marina Del Rey,CA,33.977699,-118.435097
198.32.118.79,United States (US),Marina Del Rey,CA,33.977699,-118.435097
198.32.118.91,United States (US),Marina Del Rey,CA,33.977699,-118.435097
198.32.124.130,United States (US),Marina Del Rey,CA,33.977699,-118.435097
198.32.176.129,United States (US),Marina Del Rey,CA,33.977699,-118.435097
198.32.176.187,United States (US),Marina Del Rey,CA,33.977699,-118.435097
198.32.176.20,United States (US),Marina Del Rey,CA,33.977699,-118.435097
198.32.176.22,United States (US),Marina Del Rey,CA,33.977699,-118.435097
198.32.176.50,United States (US),Marina Del Rey,CA,33.977699,-118.435097
198.32.180.61,United States (US),Marina Del Rey,CA,33.977699,-118.435097
198.32.180.65,United States (US),Marina Del Rey,CA,33.977699,-118.435097
154.11.98.17,Canada (CA),Medicine Hat,AB,50.033298,-110.683296
154.11.98.18,Canada (CA),Medicine Hat,AB,50.033298,-110.683296
12.118.100.21,United States (US),Milwaukee,WI,43.052200,-87.964996
12.118.100.22,United States (US),Milwaukee,WI,43.052200,-87.964996
192.77.55.12,Canada (CA),Montreal,QC,45.500000,-73.583298
206.82.131.14,Canada (CA),Montreal,QC,45.500000,-73.583298
206.82.132.30,Canada (CA),Montreal,QC,45.500000,-73.583298
206.82.135.14,Canada (CA),Montreal,QC,45.500000,-73.583298
206.82.135.17,Canada (CA),Montreal,QC,45.500000,-73.583298
206.82.139.5,Canada (CA),Montreal,QC,45.500000,-73.583298
206.82.139.98,Canada (CA),Montreal,QC,45.500000,-73.583298
206.82.141.1,Canada (CA),Montreal,QC,45.500000,-73.583298
206.82.141.30,Canada (CA),Montreal,QC,45.500000,-73.583298
206.82.141.90,Canada (CA),Montreal,QC,45.500000,-73.583298
206.82.142.10,Canada (CA),Montreal,QC,45.500000,-73.583298
206.82.142.14,Canada (CA),Montreal,QC,45.500000,-73.583298
207.253.253.138,Canada (CA),Montreal,QC,45.500000,-73.583298
207.253.253.159,Canada (CA),Montreal,QC,45.500000,-73.583298
207.253.253.160,Canada (CA),Montreal,QC,45.500000,-73.583298
207.96.210.138,Canada (CA),Montreal,QC,45.500000,-73.583298
207.96.210.159,Canada (CA),Montreal,QC,45.500000,-73.583298
207.96.210.160,Canada (CA),Montreal,QC,45.500000,-73.583298
209.58.17.30,Canada (CA),Montreal,QC,45.500000,-73.583298
209.58.26.21,Canada (CA),Montreal,QC,45.500000,-73.583298
209.58.26.65,Canada (CA),Montreal,QC,45.500000,-73.583298
209.58.47.13,Canada (CA),Montreal,QC,45.500000,-73.583298
209.58.53.13,Canada (CA),Montreal,QC,45.500000,-73.583298
209.58.60.133,Canada (CA),Montreal,QC,45.500000,-73.583298
209.58.85.89,Canada (CA),Montreal,QC,45.500000,-73.583298
216.113.10.49,Canada (CA),Montreal,QC,45.500000,-73.583298
216.113.10.50,Canada (CA),Montreal,QC,45.500000,-73.583298
216.113.122.105,Canada (CA),Montreal,QC,45.500000,-73.583298
216.113.122.106,Canada (CA),Montreal,QC,45.500000,-73.583298
216.113.122.29,Canada (CA),Montreal,QC,45.500000,-73.583298
216.113.122.30,Canada (CA),Montreal,QC,45.500000,-73.583298
216.113.122.62,Canada (CA),Montreal,QC,45.500000,-73.583298
216.113.122.74,Canada (CA),Montreal,QC,45.500000,-73.583298
216.113.122.77,Canada (CA),Montreal,QC,45.500000,-73.583298
216.113.122.78,Canada (CA),Montreal,QC,45.500000,-73.583298
216.113.122.81,Canada (CA),Montreal,QC,45.500000,-73.583298
216.113.122.89,Canada (CA),Montreal,QC,45.500000,-73.583298
216.113.122.90,Canada (CA),Montreal,QC,45.500000,-73.583298
216.113.123.102,Canada (CA),Montreal,QC,45.500000,-73.583298
216.113.123.105,Canada (CA),Montreal,QC,45.500000,-73.583298
216.113.123.106,Canada (CA),Montreal,QC,45.500000,-73.583298
216.113.123.141,Canada (CA),Montreal,QC,45.500000,-73.583298
216.113.123.142,Canada (CA),Montreal,QC,45.500000,-73.583298
216.113.125.85,Canada (CA),Montreal,QC,45.500000,-73.583298
216.113.37.10,Canada (CA),Montreal,QC,45.500000,-73.583298
216.113.37.9,Canada (CA),Montreal,QC,45.500000,-73.583298
216.6.112.41,Canada (CA),Montreal,QC,45.500000,-73.583298
216.6.112.42,Canada (CA),Montreal,QC,45.500000,-73.583298
216.6.114.13,Canada (CA),Montreal,QC,45.500000,-73.583298
216.6.114.17,Canada (CA),Montreal,QC,45.500000,-73.583298
216.6.114.2,Canada (CA),Montreal,QC,45.500000,-73.583298
216.6.114.45,Canada (CA),Montreal,QC,45.500000,-73.583298
216.6.115.21,Canada (CA),Montreal,QC,45.500000,-73.583298
216.6.115.58,Canada (CA),Montreal,QC,45.500000,-73.583298
216.6.115.69,Canada (CA),Montreal,QC,45.500000,-73.583298
216.6.115.70,Canada (CA),Montreal,QC,45.500000,-73.583298
216.6.12.30,Canada (CA),Montreal,QC,45.500000,-73.583298
216.6.42.58,Canada (CA),Montreal,QC,45.500000,-73.583298
216.6.53.30,Canada (CA),Montreal,QC,45.500000,-73.583298
216.6.53.58,Canada (CA),Montreal,QC,45.500000,-73.583298
216.6.53.70,Canada (CA),Montreal,QC,45.500000,-73.583298
216.6.53.81,Canada (CA),Montreal,QC,45.500000,-73.583298
216.6.57.17,Canada (CA),Montreal,QC,45.500000,-73.583298
216.6.57.18,Canada (CA),Montreal,QC,45.500000,-73.583298
216.6.57.58,Canada (CA),Montreal,QC,45.500000,-73.583298
216.6.57.82,Canada (CA),Montreal,QC,45.500000,-73.583298
216.6.63.45,Canada (CA),Montreal,QC,45.500000,-73.583298
216.6.63.46,Canada (CA),Montreal,QC,45.500000,-73.583298
216.6.63.5,Canada (CA),Montreal,QC,45.500000,-73.583298
216.6.84.13,Canada (CA),Montreal,QC,45.500000,-73.583298
216.6.84.2,Canada (CA),Montreal,QC,45.500000,-73.583298
216.6.84.73,Canada (CA),Montreal,QC,45.500000,-73.583298
216.6.97.102,Canada (CA),Montreal,QC,45.500000,-73.583298
216.6.97.45,Canada (CA),Montreal,QC,45.500000,-73.583298
216.6.97.65,Canada (CA),Montreal,QC,45.500000,-73.583298
216.6.97.89,Canada (CA),Montreal,QC,45.500000,-73.583298
216.6.98.1,Canada (CA),Montreal,QC,45.500000,-73.583298
216.6.98.2,Canada (CA),Montreal,QC,45.500000,-73.583298
216.6.98.29,Canada (CA),Montreal,QC,45.500000,-73.583298
64.86.115.25,Canada (CA),Montreal,QC,45.500000,-73.583298
66.110.14.14,Canada (CA),Montreal,QC,45.500000,-73.583298
66.110.14.18,Canada (CA),Montreal,QC,45.500000,-73.583298
66.110.14.33,Canada (CA),Montreal,QC,45.500000,-73.583298
66.110.27.114,Canada (CA),Montreal,QC,45.500000,-73.583298
66.110.27.45,Canada (CA),Montreal,QC,45.500000,-73.583298
66.110.27.49,Canada (CA),Montreal,QC,45.500000,-73.583298
66.110.27.9,Canada (CA),Montreal,QC,45.500000,-73.583298
66.198.2.1,Canada (CA),Montreal,QC,45.500000,-73.583298
66.198.2.2,Canada (CA),Montreal,QC,45.500000,-73.583298
66.198.2.37,Canada (CA),Montreal,QC,45.500000,-73.583298
66.198.2.50,Canada (CA),Montreal,QC,45.500000,-73.583298
66.198.2.58,Canada (CA),Montreal,QC,45.500000,-73.583298
4.78.179.6,United States (US),Piscataway,NJ,40.551601,-74.463699
64.135.5.57,United States (US),Pompano Beach,FL,26.244200,-80.205902
64.135.5.58,United States (US),Pompano Beach,FL,26.244200,-80.205902
196.25.9.45,South Africa (ZA),Pretoria,,-25.706900,28.229401
196.25.9.46,South Africa (ZA),Pretoria,,-25.706900,28.229401
196.43.10.86,South Africa (ZA),Pretoria,,-25.706900,28.229401
196.43.18.134,South Africa (ZA),Pretoria,,-25.706900,28.229401
196.43.18.18,South Africa (ZA),Pretoria,,-25.706900,28.229401
196.43.18.30,South Africa (ZA),Pretoria,,-25.706900,28.229401
196.43.18.6,South Africa (ZA),Pretoria,,-25.706900,28.229401
196.43.9.50,South Africa (ZA),Pretoria,,-25.706900,28.229401
196.43.9.54,South Africa (ZA),Pretoria,,-25.706900,28.229401
213.206.129.122,United Kingdom (GB),Reston,,55.849998,-2.183300
213.206.129.123,United Kingdom (GB),Reston,,55.849998,-2.183300
213.206.129.124,United Kingdom (GB),Reston,,55.849998,-2.183300
213.206.129.125,United Kingdom (GB),Reston,,55.849998,-2.183300
213.206.129.126,United Kingdom (GB),Reston,,55.849998,-2.183300
213.206.129.127,United Kingdom (GB),Reston,,55.849998,-2.183300
213.206.129.34,United Kingdom (GB),Reston,,55.849998,-2.183300
213.206.129.57,United Kingdom (GB),Reston,,55.849998,-2.183300
213.206.129.62,United Kingdom (GB),Reston,,55.849998,-2.183300
213.206.129.65,United Kingdom (GB),Reston,,55.849998,-2.183300
213.206.131.58,United Kingdom (GB),Reston,,55.849998,-2.183300
12.129.193.235,United States (US),San Diego,CA,32.901402,-117.207901
12.129.193.236,United States (US),San Diego,CA,32.901402,-117.207901
12.129.193.241,United States (US),San Diego,CA,32.901402,-117.207901
12.129.193.242,United States (US),San Diego,CA,32.901402,-117.207901
12.129.193.246,United States (US),San Diego,CA,32.901402,-117.207901
12.129.193.253,United States (US),San Diego,CA,32.901402,-117.207901
206.223.115.113,United States (US),San Mateo,CA,37.555000,-122.268700
206.223.115.147,United States (US),San Mateo,CA,37.555000,-122.268700
206.223.115.3,United States (US),San Mateo,CA,37.555000,-122.268700
206.223.115.36,United States (US),San Mateo,CA,37.555000,-122.268700
206.223.115.47,United States (US),San Mateo,CA,37.555000,-122.268700
206.223.115.61,United States (US),San Mateo,CA,37.555000,-122.268700
206.223.119.113,United States (US),San Mateo,CA,37.555000,-122.268700
206.223.119.18,United States (US),San Mateo,CA,37.555000,-122.268700
206.223.119.3,United States (US),San Mateo,CA,37.555000,-122.268700
206.223.119.36,United States (US),San Mateo,CA,37.555000,-122.268700
206.223.119.37,United States (US),San Mateo,CA,37.555000,-122.268700
206.223.119.48,United States (US),San Mateo,CA,37.555000,-122.268700
206.223.119.61,United States (US),San Mateo,CA,37.555000,-122.268700
206.223.119.82,United States (US),San Mateo,CA,37.555000,-122.268700
213.192.191.133,Finland (FI),Saunalahti,,63.216702,28.549999
213.192.191.134,Finland (FI),Saunalahti,,63.216702,28.549999
213.192.191.141,Finland (FI),Saunalahti,,63.216702,28.549999
213.192.191.142,Finland (FI),Saunalahti,,63.216702,28.549999
213.192.191.173,Finland (FI),Saunalahti,,63.216702,28.549999
213.192.191.174,Finland (FI),Saunalahti,,63.216702,28.549999
213.192.191.189,Finland (FI),Saunalahti,,63.216702,28.549999
213.192.191.190,Finland (FI),Saunalahti,,63.216702,28.549999
213.192.191.197,Finland (FI),Saunalahti,,63.216702,28.549999
213.192.191.198,Finland (FI),Saunalahti,,63.216702,28.549999
213.192.191.201,Finland (FI),Saunalahti,,63.216702,28.549999
213.192.191.202,Finland (FI),Saunalahti,,63.216702,28.549999
213.192.191.225,Finland (FI),Saunalahti,,63.216702,28.549999
213.192.191.226,Finland (FI),Saunalahti,,63.216702,28.549999
213.192.191.81,Finland (FI),Saunalahti,,63.216702,28.549999
213.192.191.82,Finland (FI),Saunalahti,,63.216702,28.549999
62.48.45.122,Italy (IT),Sesto Fiorentino,,43.833302,11.200000
62.48.45.123,Italy (IT),Sesto Fiorentino,,43.833302,11.200000
62.48.45.129,Italy (IT),Sesto Fiorentino,,43.833302,11.200000
62.48.45.130,Italy (IT),Sesto Fiorentino,,43.833302,11.200000
62.48.45.250,Italy (IT),Sesto Fiorentino,,43.833302,11.200000
62.48.45.251,Italy (IT),Sesto Fiorentino,,43.833302,11.200000
62.48.45.252,Italy (IT),Sesto Fiorentino,,43.833302,11.200000
62.48.45.253,Italy (IT),Sesto Fiorentino,,43.833302,11.200000
203.208.145.82,Singapore (SG),Singapore,,1.293100,103.855797
203.208.145.94,Singapore (SG),Singapore,,1.293100,103.855797
203.208.148.162,Singapore (SG),Singapore,,1.293100,103.855797
203.208.148.17,Singapore (SG),Singapore,,1.293100,103.855797
203.208.148.18,Singapore (SG),Singapore,,1.293100,103.855797
203.208.148.206,Singapore (SG),Singapore,,1.293100,103.855797
203.208.148.214,Singapore (SG),Singapore,,1.293100,103.855797
203.208.148.86,Singapore (SG),Singapore,,1.293100,103.855797
203.208.148.89,Singapore (SG),Singapore,,1.293100,103.855797
203.208.148.90,Singapore (SG),Singapore,,1.293100,103.855797
203.208.148.94,Singapore (SG),Singapore,,1.293100,103.855797
203.208.149.125,Singapore (SG),Singapore,,1.293100,103.855797
203.208.149.166,Singapore (SG),Singapore,,1.293100,103.855797
203.208.152.118,Singapore (SG),Singapore,,1.293100,103.855797
203.208.152.30,Singapore (SG),Singapore,,1.293100,103.855797
203.208.154.45,Singapore (SG),Singapore,,1.293100,103.855797
203.208.154.46,Singapore (SG),Singapore,,1.293100,103.855797
203.208.169.157,Singapore (SG),Singapore,,1.293100,103.855797
203.208.169.29,Singapore (SG),Singapore,,1.293100,103.855797
203.208.169.30,Singapore (SG),Singapore,,1.293100,103.855797
203.208.182.213,Singapore (SG),Singapore,,1.293100,103.855797
203.208.182.214,Singapore (SG),Singapore,,1.293100,103.855797
203.208.183.122,Singapore (SG),Singapore,,1.293100,103.855797
203.208.183.157,Singapore (SG),Singapore,,1.293100,103.855797
203.208.183.177,Singapore (SG),Singapore,,1.293100,103.855797
203.208.183.178,Singapore (SG),Singapore,,1.293100,103.855797
203.208.186.53,Singapore (SG),Singapore,,1.293100,103.855797
203.208.186.54,Singapore (SG),Singapore,,1.293100,103.855797
89.167.254.46,United Kingdom (GB),Slough,,51.500000,-0.583300
198.32.146.49,United States (US),Staten Island,NY,40.605598,-74.179901
198.32.160.137,United States (US),Staten Island,NY,40.605598,-74.179901
198.32.160.41,United States (US),Staten Island,NY,40.605598,-74.179901
198.32.160.78,United States (US),Staten Island,NY,40.605598,-74.179901
194.68.123.136,Sweden (SE),Stockholm,,59.333302,18.049999
203.202.125.3,Australia (AU),Sydney,,-33.883301,151.216705
203.202.125.6,Australia (AU),Sydney,,-33.883301,151.216705
61.88.221.73,Australia (AU),Sydney,,-33.883301,151.216705
199.212.160.102,Canada (CA),Toronto,ON,43.666698,-79.416801
199.212.160.106,Canada (CA),Toronto,ON,43.666698,-79.416801
199.212.160.114,Canada (CA),Toronto,ON,43.666698,-79.416801
199.212.160.121,Canada (CA),Toronto,ON,43.666698,-79.416801
199.212.160.122,Canada (CA),Toronto,ON,43.666698,-79.416801
199.212.160.125,Canada (CA),Toronto,ON,43.666698,-79.416801
199.212.160.130,Canada (CA),Toronto,ON,43.666698,-79.416801
199.212.160.14,Canada (CA),Toronto,ON,43.666698,-79.416801
199.212.161.14,Canada (CA),Toronto,ON,43.666698,-79.416801
199.212.161.154,Canada (CA),Toronto,ON,43.666698,-79.416801
199.212.161.194,Canada (CA),Toronto,ON,43.666698,-79.416801
199.212.161.198,Canada (CA),Toronto,ON,43.666698,-79.416801
199.212.161.202,Canada (CA),Toronto,ON,43.666698,-79.416801
199.212.161.30,Canada (CA),Toronto,ON,43.666698,-79.416801
199.212.161.33,Canada (CA),Toronto,ON,43.666698,-79.416801
199.212.161.42,Canada (CA),Toronto,ON,43.666698,-79.416801
199.212.161.50,Canada (CA),Toronto,ON,43.666698,-79.416801
199.212.161.54,Canada (CA),Toronto,ON,43.666698,-79.416801
199.212.161.66,Canada (CA),Toronto,ON,43.666698,-79.416801
209.58.94.1,Canada (CA),Toronto,ON,43.666698,-79.416801
209.58.94.2,Canada (CA),Toronto,ON,43.666698,-79.416801
209.58.94.34,Canada (CA),Toronto,ON,43.666698,-79.416801
209.58.94.9,Canada (CA),Toronto,ON,43.666698,-79.416801
216.191.14.249,Canada (CA),Toronto,ON,43.666698,-79.416801
216.191.14.250,Canada (CA),Toronto,ON,43.666698,-79.416801
216.191.190.21,Canada (CA),Toronto,ON,43.666698,-79.416801
216.191.190.30,Canada (CA),Toronto,ON,43.666698,-79.416801
216.191.65.93,Canada (CA),Toronto,ON,43.666698,-79.416801
212.241.174.1,United Kingdom (GB),Uxbridge,,51.549999,-0.483400
212.241.174.5,United Kingdom (GB),Uxbridge,,51.549999,-0.483400
62.72.137.250,United Kingdom (GB),Uxbridge,,51.549999,-0.483400
62.72.137.29,United Kingdom (GB),Uxbridge,,51.549999,-0.483400
62.72.142.129,United Kingdom (GB),Uxbridge,,51.549999,-0.483400
62.72.142.130,United Kingdom (GB),Uxbridge,,51.549999,-0.483400
62.72.142.133,United Kingdom (GB),Uxbridge,,51.549999,-0.483400
62.72.142.14,United Kingdom (GB),Uxbridge,,51.549999,-0.483400
62.72.142.142,United Kingdom (GB),Uxbridge,,51.549999,-0.483400
217.147.96.34,Germany (DE),Valley,,47.900002,11.783300
217.147.96.74,Germany (DE),Valley,,47.900002,11.783300
217.147.96.75,Germany (DE),Valley,,47.900002,11.783300
217.147.96.77,Germany (DE),Valley,,47.900002,11.783300
80.93.8.42,Ireland (IE),Valley,,54.013100,-9.961100
80.93.8.43,Ireland (IE),Valley,,54.013100,-9.961100
216.18.63.197,Canada (CA),Vancouver,BC,49.250000,-123.133301
216.18.63.198,Canada (CA),Vancouver,BC,49.250000,-123.133301
216.18.63.213,Canada (CA),Vancouver,BC,49.250000,-123.133301
216.18.63.214,Canada (CA),Vancouver,BC,49.250000,-123.133301
154.54.0.174,United States (US),Washington,DC,38.914398,-77.076302
154.54.0.205,United States (US),Washington,DC,38.914398,-77.076302
154.54.2.229,United States (US),Washington,DC,38.914398,-77.076302
154.54.25.209,United States (US),Washington,DC,38.914398,-77.076302
154.54.29.21,United States (US),Washington,DC,38.914398,-77.076302
154.54.3.138,United States (US),Washington,DC,38.914398,-77.076302
154.54.3.186,United States (US),Washington,DC,38.914398,-77.076302
154.54.3.194,United States (US),Washington,DC,38.914398,-77.076302
154.54.30.101,United States (US),Washington,DC,38.914398,-77.076302
154.54.30.193,United States (US),Washington,DC,38.914398,-77.076302
154.54.30.197,United States (US),Washington,DC,38.914398,-77.076302
154.54.5.1,United States (US),Washington,DC,38.914398,-77.076302
154.54.5.138,United States (US),Washington,DC,38.914398,-77.076302
154.54.5.234,United States (US),Washington,DC,38.914398,-77.076302
154.54.6.201,United States (US),Washington,DC,38.914398,-77.076302
154.54.6.209,United States (US),Washington,DC,38.914398,-77.076302
154.54.6.214,United States (US),Washington,DC,38.914398,-77.076302
154.54.6.229,United States (US),Washington,DC,38.914398,-77.076302
154.54.7.174,United States (US),Washington,DC,38.914398,-77.076302
66.28.4.33,United States (US),Washington,DC,38.914398,-77.076302
66.28.4.50,United States (US),Washington,DC,38.914398,-77.076302
64.125.27.153,United States (US),White Plains,NY,41.029099,-73.758003
64.125.27.157,United States (US),White Plains,NY,41.029099,-73.758003
64.125.27.174,United States (US),White Plains,NY,41.029099,-73.758003
