<?xml version="1.0"?>
<doc>
    <assembly>
        <name>BankMachine</name>
    </assembly>
    <members>
        <member name="T:COMP2690.BankMachine.TransactionCollection">
            <summary>
            Represents a collection of Transaction objects.
            </summary>
        </member>
        <member name="M:COMP2690.BankMachine.TransactionCollection.#ctor">
            <summary>
            Initializes a new instance of the TransactionCollection class.
            </summary>
        </member>
        <member name="M:COMP2690.BankMachine.TransactionCollection.Add(COMP2690.BankMachine.Transaction)">
            <summary>
            Adds the given transaction to this collection.  If the transaction's status is
            Pending then it is also added to an internal collection so that all pending
            transactions can be easily enumerated.
            </summary>
            <param name="transaction">Transaction to add.</param>
        </member>
        <member name="M:COMP2690.BankMachine.TransactionCollection.ProcessPendingTransactions">
            <summary>
            Enumerate all transactions in this collection whose status is Pending and call
            their Process method.
            </summary>
        </member>
        <member name="T:COMP2690.BankMachine.AccountInactiveException">
            <summary>
            This exception is thrown when there is an attempt to perform a tranaction on a BankAccount 
            that is inactive.
            </summary>
        </member>
        <member name="M:COMP2690.BankMachine.AccountInactiveException.#ctor(COMP2690.BankMachine.BankAccount)">
            <summary>
            Initializes a new instance of the AccountInactiveException class with a standard message.
            </summary>
            <param name="account">The inactive account that is involved in the transaction.</param>
        </member>
        <member name="P:COMP2690.BankMachine.AccountInactiveException.Account">
            <summary>
            Gets the inactive account that is involved in the transaction.
            </summary>
        </member>
        <member name="T:COMP2690.BankMachine.TransferFundsException">
            <summary>
            This exception is thrown when a transfer funds transaction fails and there is no more
            specific exception to throw.  This exception may be thrown, for instance, when the 
            "From" account and the "To" account are the same (when transferring funds, the "From" 
            and "To" accounts must be different).
            </summary>
        </member>
        <member name="M:COMP2690.BankMachine.TransferFundsException.#ctor(System.String)">
            <summary>
            Initializes a new instance of the TransferFundsException with a custom message.
            </summary>
            <param name="message">Custom error message to give this exception.</param>
        </member>
        <member name="T:COMP2690.BankMachine.InvalidTransactionAmtException">
            <summary>
            This exception is thrown when the amount given for a transaction is less than $0.00.
            </summary>
        </member>
        <member name="M:COMP2690.BankMachine.InvalidTransactionAmtException.#ctor(COMP2690.BankMachine.Transaction)">
            <summary>
            Initializes a new instance of the InvalidTranactionAmtException with a standard message.
            </summary>
            <param name="transaction">Transaction being performed.</param>
        </member>
        <member name="P:COMP2690.BankMachine.InvalidTransactionAmtException.Transaction">
            <summary>
            Transaction being performed that has an invalid transaction amount.
            </summary>
        </member>
        <member name="T:COMP2690.BankMachine.NoSufficientFundsException">
            <summary>
            This exception is thrown when the account does not have sufficient funds to perform the
            transaction.
            </summary>
        </member>
        <member name="M:COMP2690.BankMachine.NoSufficientFundsException.#ctor(COMP2690.BankMachine.BankAccount,COMP2690.BankMachine.Transaction)">
            <summary>
            Initializes a new instance of the AccountinactiveException class.  
            </summary>
            <param name="account">Account that does not have sufficient funds to perform the transaction.</param>
            <param name="transaction">Transaction being performed.</param>
        </member>
        <member name="P:COMP2690.BankMachine.NoSufficientFundsException.Account">
            <summary>
            Gets the account that does not have sufficient funds to perform the transaction.
            </summary>
        </member>
        <member name="P:COMP2690.BankMachine.NoSufficientFundsException.Transaction">
            <summary>
            Gets the transaction being performed where there were no sufficient funds.
            </summary>
        </member>
        <member name="T:COMP2690.BankMachine.TransactionStatus">
            <summary>
            Defines the statuses that a transaction may have.
            </summary>
        </member>
        <member name="F:COMP2690.BankMachine.TransactionStatus.Pending">
            <summary>
            The transaction is not complete and the amount involved in the transaction has not yet
            been applied to the accounts involved in the transaction.
            </summary>
        </member>
        <member name="F:COMP2690.BankMachine.TransactionStatus.Complete">
            <summary>
            The transaction is complete.  The transaction could be deleted and forgotten; the only
            reason for keeping it is for archival or transaction history purposes.
            </summary>
        </member>
        <member name="T:COMP2690.BankMachine.Transaction">
            <summary>
            Represents a bank transaction that involves one or more bank accounts, such as a withdrawal,
            a deposit or a funds transfer.  In the case of a funds transfer, for instance, two accounts
            are involved.  This class keeps track of the account(s) involved, the date/time of the 
            transaction and the transaction's status.
            </summary>
        </member>
        <member name="M:COMP2690.BankMachine.Transaction.#ctor(System.Decimal)">
            <summary>
            Initializes a new instance of the Transaction class.
            </summary>
            <param name="amount">Amount involved in the transaction.</param>
        </member>
        <member name="M:COMP2690.BankMachine.Transaction.Process">
            <summary>
            Processes the transaction.  Determines whether the transaction can be completed.  This
            depends on the type of transaction, so this method is abstract.
            </summary>
            <returns></returns>
        </member>
        <member name="M:COMP2690.BankMachine.Transaction.DoTransaction">
            <summary>
            Performs the transaction.  Note that this method may not complete the transaction but
            may put it into a Pending state--it is up to the implementer (the derived classes).
            </summary>
            <returns>The status of the transaction after performing it.  Note that it may not be
            complete but may be pending--it is up to the implementer (the derived class).</returns>
        </member>
        <member name="M:COMP2690.BankMachine.Transaction.setStatus(COMP2690.BankMachine.TransactionStatus)">
            <summary>
            I want to use this method instead of exposing the instance variable to derived classes,
            just in case there is logic to encapsulate in the future.  For now, this method's code is
            "trivial".
            </summary>
            <param name="newStatus">Status to set.</param>
        </member>
        <member name="P:COMP2690.BankMachine.Transaction.Amount">
            <summary>
            Gets the dollar amount involved in this transaction.
            </summary>
        </member>
        <member name="P:COMP2690.BankMachine.Transaction.Date">
            <summary>
            Gets the date and time of the transaction.
            </summary>
        </member>
        <member name="P:COMP2690.BankMachine.Transaction.Status">
            <summary>
            Gets the transaction's status.  See summary of TransactionStatus type for more information.
            </summary>
        </member>
        <member name="P:COMP2690.BankMachine.Transaction.Summary">
            <summary>
            Gets a string containing the date, transaction type and status of the transaction.
            </summary>
        </member>
        <member name="P:COMP2690.BankMachine.Transaction.Details">
            <summary>
            Gets a string containing the details of the transaction, which are different for
            each type of transaction, so this property is abstract.
            </summary>
        </member>
        <member name="P:COMP2690.BankMachine.Transaction.TransactionType">
            <summary>
            Gets a string containing the transaction type, which is different for each type
            of transactio, so this property is abstract.
            </summary>
        </member>
        <member name="T:COMP2690.BankMachine.WithdrawalTransaction">
            <summary>
            Represents a withdrawal transaction, where funds are subtracted from a bank account.
            </summary>
        </member>
        <member name="M:COMP2690.BankMachine.WithdrawalTransaction.#ctor(COMP2690.BankMachine.BankAccount,System.Decimal)">
            <summary>
            Initializes a new instance of the WithdrawalTransaction class.
            </summary>
            <param name="account">Account whose funds are to be debited.</param>
            <param name="amount">Dollar amount to debit from the account.</param>
        </member>
        <member name="M:COMP2690.BankMachine.WithdrawalTransaction.DoTransaction">
            <summary>
            Performs the transaction.  First checks the following: the account is active; the amount is greater than $0.00; 
            the account has sufficient funds.  Once these checks are verified, the account is debited and the transaction's
            status is set to Complete.  Throws the following exceptions: AccountInactiveException, InvalidTransactionAmtException,
            NoSufficientFundsException.
            </summary>
            <returns></returns>
        </member>
        <member name="M:COMP2690.BankMachine.WithdrawalTransaction.Process">
            <summary>
            Currently does nothing.  All withdrawals are completed when the transaction occurs.
            </summary>
        </member>
        <member name="P:COMP2690.BankMachine.WithdrawalTransaction.TransactionType">
            <summary>
            Gets the string "Withdrawal".
            </summary>
        </member>
        <member name="P:COMP2690.BankMachine.WithdrawalTransaction.Details">
            <summary>
            Gets the details of this transaction as a string, including the account number and the amount.  This string
            is formatted with indentation for the transaction history report.
            </summary>
        </member>
        <member name="T:COMP2690.BankMachine.DepositTransaction">
            <summary>
            Represents a deposit transaction, where funds are added to a bank account.
            </summary>
        </member>
        <member name="M:COMP2690.BankMachine.DepositTransaction.#ctor(COMP2690.BankMachine.BankAccount,System.Decimal)">
            <summary>
            Initializes a new instance of the DepositTransaction class.
            </summary>
            <param name="account">Account whose funds are to be credited.</param>
            <param name="amount">Dollar amount to credit to the account.</param>
        </member>
        <member name="M:COMP2690.BankMachine.DepositTransaction.DoTransaction">
            <summary>
            Performs the transaction.  First checks the following: the account is active; the amount is greater than $0.00.  
            Once these checks are verified, the transaction's status is set to Pending.  The account is not credited at this time because
            it must go through a waiting period.  Throws the following exceptions: AccountInactiveException, InvalidTransactionAmtException.
            </summary>
            <returns></returns>
        </member>
        <member name="M:COMP2690.BankMachine.DepositTransaction.Process">
            <summary>
            Completes the transaction if 30 seconds has passed (this simulates a two business day delay
            that the bank must use to verify the deposit).  If the necessary time has not yet passed or
            the transaction status is already Complete then this method does nothing.
            </summary>
            <returns></returns>
        </member>
        <member name="P:COMP2690.BankMachine.DepositTransaction.TransactionType">
            <summary>
            Gets the string "Deposit".
            </summary>
        </member>
        <member name="P:COMP2690.BankMachine.DepositTransaction.Details">
            <summary>
            Gets the details of this transaction as a string, including the account number and the amount.  This string
            is formatted with indentation for the transaction history report.
            </summary>
        </member>
        <member name="T:COMP2690.BankMachine.TransferFundsTransaction">
            <summary>
            Represents a transfer of funds transaction, where one account is debited with a given amount 
            (a withdrawal) and another account is credited (a deposit) with the same amount.
            </summary>
        </member>
        <member name="M:COMP2690.BankMachine.TransferFundsTransaction.#ctor(COMP2690.BankMachine.BankAccount,COMP2690.BankMachine.BankAccount,System.Decimal)">
            <summary>
            Initializes a new instance of the TransferFundsTransaction class.
            </summary>
            <param name="fromAcct">Account to debit (withdraw funds).</param>
            <param name="toAcct">Account to credit (deposit funds).</param>
            <param name="amount">Amount to transfer.</param>
        </member>
        <member name="M:COMP2690.BankMachine.TransferFundsTransaction.DoTransaction">
            <summary>
            Performs the transaction.  First checks the following: the "From" account and the "To" account are not the same 
            account (throws a TransferFundsException otherwise); both accounts are active; the amount is greater than $0.00; 
            the "From" account has sufficient funds.  Once these checks are verified, the "From" account is debited, the
            "To" account is credited and the transaction's status is set to Complete.  Throws the following exceptions: 
            TransferFundsException, AccountInactiveException, InvalidTransactionAmtException, NoSufficientFundsException.
            </summary>
            <returns></returns>
        </member>
        <member name="M:COMP2690.BankMachine.TransferFundsTransaction.Process">
            <summary>
            Currently does nothing.  Transfers are completed when the transaction occurs.
            </summary>
            <returns></returns>
        </member>
        <member name="P:COMP2690.BankMachine.TransferFundsTransaction.TransactionType">
            <summary>
            Gets the string "Transfer Funds".
            </summary>
        </member>
        <member name="P:COMP2690.BankMachine.TransferFundsTransaction.Details">
            <summary>
            Gets the details of this transaction as a string, including the "From" and "To" accounts' account 
            number and the amount.  This string is formatted with indentation for the transaction history report.
            </summary>
        </member>
        <member name="T:COMP2690.BankMachine.BankAccount">
            <summary>
            Represents a bank account belonging to a customer.
            </summary>
        </member>
        <member name="F:COMP2690.BankMachine.BankAccount.nextNewAcctNum">
            <summary>
            Used to create new accounts.
            </summary>
        </member>
        <member name="M:COMP2690.BankMachine.BankAccount.#ctor(System.Decimal)">
            <summary>
            Initializes a new instance of the BankAccount class with the given opening balance.  
            The account is made active and is automatically assigned a unique account number. 
            </summary>
            <param name="openingBalance">Initial balance to give the account.</param>
        </member>
        <member name="M:COMP2690.BankMachine.BankAccount.HasSufficientFunds(System.Decimal)">
            <summary>
            Determines whether this account has sufficient funds to debit the given amount, which depends
            on the type of account, so this method is abstract.
            </summary>
            <param name="amount">Amount to check for sufficient funds.</param>
            <returns></returns>
        </member>
        <member name="M:COMP2690.BankMachine.BankAccount.Debit(System.Decimal)">
            <summary>
            Debits this account with the given amount (subtracts funds to the account).  Use this 
            method to perform a withdrawal.
            </summary>
            <param name="amount">Amount to debit (amount to subtract from the account).</param>
        </member>
        <member name="M:COMP2690.BankMachine.BankAccount.Credit(System.Decimal)">
            <summary>
            Credits this account with the given amount (adds funds to the account).  Use this 
            method to perform a deposit.
            </summary>
            <param name="amount">Amount to credit (amount to add to the account).</param>
        </member>
        <member name="P:COMP2690.BankMachine.BankAccount.AccountNumber">
            <summary>
            Gets the account's account number.
            </summary>
        </member>
        <member name="P:COMP2690.BankMachine.BankAccount.Active">
            <summary>
            Gets whether or not this account is currently active.  
            </summary>
        </member>
        <member name="P:COMP2690.BankMachine.BankAccount.Balance">
            <summary>
            Gets the account's current balance.
            </summary>
        </member>
        <member name="P:COMP2690.BankMachine.BankAccount.NextNewAccountNumber">
            <summary>
            Returns the next account number that will be generated when a new account is created.
            Currently, this method is used privately in this class even though it is public.
            </summary>
        </member>
        <member name="T:COMP2690.BankMachine.SavingsAccount">
            <summary>
            Represents a savings account, where the balance cannot drop below $0.00.
            </summary>
        </member>
        <member name="M:COMP2690.BankMachine.SavingsAccount.#ctor(System.Decimal)">
            <summary>
            Initializes a new instance of the SavingsAccount class with a unique account 
            number and an opening balance.
            </summary>
            <param name="openingBalance">Initial balance to give the account.</param>
        </member>
        <member name="M:COMP2690.BankMachine.SavingsAccount.HasSufficientFunds(System.Decimal)">
            <summary>
            Gets whether or not this account has sufficient funds to debit (withdraw) the given amount.
            If debiting 'amount' would render the balance less than $0.00 then this property returns false.
            </summary>
            <param name="amount">Amount to test for sufficient funds.</param>
            <returns></returns>
        </member>
        <member name="M:COMP2690.BankMachine.SavingsAccount.ToString">
            <summary>
            Returns a string representation of the account including the title "Savings" and 
            the account number.
            </summary>
        </member>
        <member name="T:COMP2690.BankMachine.LineOfCreditAccount">
            <summary>
            Represents a line of credit bank account, where the balance can become negative, to
            a maximum debt of CreditLimit.
            </summary>
        </member>
        <member name="M:COMP2690.BankMachine.LineOfCreditAccount.#ctor(System.Decimal,System.Decimal)">
            <summary>
            Initializes a new instance of the LineOfCredit class with a unique account 
            number, an opening balance and a credit limit.
            </summary>
            <param name="openingBalance">Initial balance to give the account.</param>
            <param name="creditLimit">Maximum credit for the account.  The account can go into a 
            negative balance to a maximum of creditLimit.</param>
        </member>
        <member name="M:COMP2690.BankMachine.LineOfCreditAccount.HasSufficientFunds(System.Decimal)">
            <summary>
            Gets whether or not this account has sufficient funds to debit (withdraw) the given amount.
            If debiting 'amount' would render the balance less than -CreditLimit then this property returns
            false.
            </summary>
            <param name="amount">Amount to test for sufficient funds.</param>
            <returns></returns>
        </member>
        <member name="M:COMP2690.BankMachine.LineOfCreditAccount.ToString">
            <summary>
            Returns a string representation of the account including the title "Line of Credit" and 
            the account number.
            </summary>
        </member>
        <member name="P:COMP2690.BankMachine.LineOfCreditAccount.CreditLimit">
            <summary>
            Gets the credit limit of this account.  The account can go into a negative balance to
            a maximum of CreditLimit.
            </summary>
        </member>
        <member name="T:COMP2690.BankMachine.Customer">
            <summary>
            Represents a bank customer with bank accounts and a transaction history.
            </summary>
        </member>
        <member name="M:COMP2690.BankMachine.Customer.#ctor(COMP2690.BankMachine.BankAccountCollection)">
            <summary>
            Initializes a new instance of the Customer class with a collection of bank accounts.
            </summary>
            <param name="accounts"></param>
        </member>
        <member name="P:COMP2690.BankMachine.Customer.Accounts">
            <summary>
            Gets this customer's collection of bank accounts.
            </summary>
        </member>
        <member name="P:COMP2690.BankMachine.Customer.TransactionHistory">
            <summary>
            Gets this customer's transaction history.  
            
            Note to students: It can be confusing that this is a read-only property.  How, you might 
            ask, is it possible to add to transactions to it when it is read-only?  The first hint 
            is that the Customer class can create its own instance of TransactionCollection in its 
            constructor.  If you are still struggling to figure out how to add transactions to it, 
            or you want to know how it works, ask me.
            </summary>
        </member>
        <member name="T:COMP2690.BankMachine.BankAccountCollection">
            <summary>
            Represents a collection of bank accounts.
            </summary>
        </member>
    </members>
</doc>
