<?xml version="1.0" encoding="UTF-8"?>
<project-private xmlns="http://www.netbeans.org/ns/project-private/1">
    <editor-bookmarks xmlns="http://www.netbeans.org/ns/editor-bookmarks/1"/>
    <open-files xmlns="http://www.netbeans.org/ns/projectui-open-files/1">
        <file>file:/export/home/jim/Documents/COMP4711%20XML/labs/Lab5Starter/data/bbc1.xml</file>
        <file>file:/export/home/jim/Documents/COMP4711%20XML/labs/Lab5Starter/data/bbc2.xml</file>
        <file>file:/export/home/jim/Documents/COMP4711%20XML/labs/Lab5Starter/data/bbc3.xml</file>
        <file>file:/export/home/jim/Documents/COMP4711%20XML/labs/Lab5Starter/data/bbc4.xml</file>
        <file>file:/export/home/jim/Documents/COMP4711%20XML/labs/Lab5Starter/data/tvdata.xml</file>
        <file>file:/export/home/jim/Documents/COMP4711%20XML/labs/Lab5Starter/data/xmltv.dtd</file>
        <file>file:/export/home/jim/Documents/COMP4711%20XML/labs/Lab5Starter/src/Main.java</file>
    </open-files>
</project-private>
