<?xml version="1.0" encoding="UTF-8"?>
<project-private xmlns="http://www.netbeans.org/ns/project-private/1">
    <open-files xmlns="http://www.netbeans.org/ns/projectui-open-files/1">
        <file>file:/export/home/jim/Documents/marking/comp4711/4B/lab8/SleminJimComp4711Lab8/data/bbc3.xml</file>
        <file>file:/export/home/jim/Documents/marking/comp4711/4B/lab8/SleminJimComp4711Lab8/data/bbc3.xsl</file>
        <file>file:/export/home/jim/Documents/marking/comp4711/4B/lab8/SleminJimComp4711Lab8/data/tvdata.xml</file>
        <file>file:/export/home/jim/Documents/marking/comp4711/4B/lab8/SleminJimComp4711Lab8/data/tvdata.xsl</file>
        <file>file:/export/home/jim/Documents/marking/comp4711/4B/lab8/SleminJimComp4711Lab8/data/tvdata_B.xml</file>
        <file>file:/export/home/jim/Documents/marking/comp4711/4B/lab8/SleminJimComp4711Lab8/data/tvdata_B.xsl</file>
    </open-files>
</project-private>
